{"stats":{"minecraft:crafted":{"minecraft:cooked_beef":0,"minecraft:cooked_porkchop":0,"minecraft:cooked_mutton":0,"minecraft:iron_ingot":0,"minecraft:torch":140},"minecraft:dropped":{"minecraft:iron_ingot":12,"vampirism:vampire_orchid":1,"minecraft:cobblestone":2,"gobber2:gobber2_gooey_beef":5,"graveyard:dark_iron_ingot":1,"minecraft:rotten_flesh":1,"minecraft:leather":5,"minecraft:granite":4,"minecraft:white_bed":1,"alexsmobs:bison_fur":12,"minecraft:dirt":8,"vampirism:oil_bottle":2,"vampirism:dark_spruce_log":12,"minecraft:stone_pickaxe":1,"minecraft:wooden_pickaxe":1,"minecraft:iron_pickaxe":4,"gobber2:gobber2_gooey_bread":1,"minecraft:bone":4},"minecraft:used":{"minecraft:cooked_mutton":4,"biomesoplenty:magic_log":1,"minecraft:stone_pickaxe":56,"gobber2:gobber2_gooey_bread":1,"minecraft:chest":2,"minecraft:wooden_pickaxe":9,"minecraft:iron_sword":104,"biomesoplenty:glowflower":2,"minecraft:torch":27,"minecraft:dirt":1,"minecraft:mutton":1,"minecraft:crafting_table":3,"minecraft:magenta_bed":1,"minecraft:white_bed":1,"minecraft:iron_axe":533,"minecraft:iron_pickaxe":159,"minecraft:iron_helmet":1,"minecraft:cobblestone":9,"minecraft:oak_sapling":1,"minecraft:furnace":4,"minecraft:cooked_porkchop":3,"alexsmobs:animal_dictionary":1,"minecraft:cooked_beef":21},"minecraft:killed_by":{"iceandfire:cyclops":1},"minecraft:killed":{"vampirism:vampire":1,"minecraft:pig":1,"graveyard:ghoul":1,"vampirism:advanced_vampire":1,"graveyard:nightmare":1,"minecraft:spider":3,"minecraft:skeleton":4,"minecraft:sheep":6,"minecraft:zombie":6,"minecraft:llama":2,"alexsmobs:bison":3,"alexsmobs:fly":1,"minecraft:cow":4},"minecraft:picked_up":{"minecraft:birch_log":39,"minecraft:crafting_table":2,"minecraft:allium":1,"vampirism:dark_spruce_log":38,"minecraft:golden_pickaxe":1,"gobber2:gobber2_gooey_beefstew":1,"minecraft:leather":14,"minecraft:gold_block":5,"biomesoplenty:fir_sapling":1,"biomesoplenty:fir_log":75,"alexsmobs:bison_fur":12,"minecraft:oak_log":205,"minecraft:flint_and_steel":1,"minecraft:string":2,"minecraft:dirt":9,"minecraft:lantern":1,"minecraft:iron_axe":3,"minecraft:bone":10,"minecraft:apple":12,"graveyard:corruption":4,"gobber2:gobber2_gooey_beef":5,"minecraft:wheat_seeds":8,"vampirism:item_garlic":2,"minecraft:beef":26,"minecraft:stone_pickaxe":1,"biomesoplenty:magic_log":37,"minecraft:iron_pickaxe":5,"minecraft:iron_sword":1,"minecraft:oak_planks":57,"minecraft:birch_sapling":14,"vampirism:potion_table":1,"vampirism:cursed_spruce_log":11,"gobber2:gobber2_gooey_bread":2,"minecraft:furnace":1,"minecraft:book":3,"biomesoplenty:magic_sapling":2,"minecraft:stick":42,"minecraft:raw_iron":51,"vampirism:dark_spruce_sapling":4,"minecraft:torch":6,"minecraft:spyglass":1,"vampirism:crucifix_normal":2,"minecraft:porkchop":5,"minecraft:spruce_sapling":1,"minecraft:white_bed":1,"minecraft:spruce_log":11,"biomesoplenty:glowflower":2,"minecraft:arrow":4,"minecraft:rotten_flesh":6,"vampirism:oil_bottle":2,"minecraft:iron_helmet":1,"minecraft:hay_block":22,"minecraft:granite":4,"vampirism:item_alchemical_fire":3,"vampirism:vampire_orchid":1,"minecraft:oak_sapling":59,"gobber2:gobber2_goo":3,"minecraft:mutton":8,"minecraft:coal":156,"iceandfire:raw_silver":7,"minecraft:white_wool":6,"minecraft:cobblestone":192},"minecraft:mined":{"minecraft:white_bed":1,"iceandfire:silver_ore":7,"vampirism:dark_stone":1,"vampirism:cursed_spruce_log":11,"minecraft:soul_lantern":1,"minecraft:torch":1,"minecraft:crafting_table":2,"minecraft:granite":4,"minecraft:chiseled_bookshelf":1,"biomesoplenty:bush":22,"minecraft:allium":2,"minecraft:grass_block":2,"vampirism:dark_spruce_log":26,"gobber2:gobber2_lucky_block":9,"vampirism:vampire_orchid":2,"minecraft:spruce_leaves":4,"biomesoplenty:sprout":6,"minecraft:wall_torch":2,"minecraft:spruce_stairs":1,"minecraft:hay_block":11,"graveyard:mossy_cobblestone_gravestone":1,"minecraft:furnace":1,"biomesoplenty:blue_hydrangea":1,"vampirism:dark_spruce_leaves":4,"minecraft:birch_log":39,"minecraft:iron_ore":46,"minecraft:spruce_log":11,"minecraft:birch_leaves":1,"minecraft:andesite":9,"biomesoplenty:fir_log":155,"biomesoplenty:magic_log":19,"minecraft:grass":41,"minecraft:coal_ore":91,"minecraft:oak_log":198,"biomesoplenty:glowflower":2,"minecraft:dirt":6,"minecraft:netherrack":1,"minecraft:stone":139,"minecraft:fern":2,"minecraft:oak_leaves":42},"minecraft:broken":{"minecraft:iron_axe":1},"minecraft:custom":{"minecraft:interact_with_smithing_table":1,"minecraft:interact_with_furnace":27,"minecraft:mob_kills":34,"vampirism:interact_with_research_table":1,"minecraft:interact_with_crafting_table":22,"minecraft:open_barrel":1,"minecraft:time_since_death":2547,"minecraft:sleep_in_bed":3,"minecraft:climb_one_cm":2468,"minecraft:time_since_rest":2655,"minecraft:sprint_one_cm":365683,"minecraft:damage_taken":2134,"minecraft:walk_one_cm":204852,"minecraft:drop":33,"minecraft:damage_dealt":6647,"minecraft:swim_one_cm":22076,"minecraft:fly_one_cm":264846,"minecraft:open_chest":21,"minecraft:crouch_one_cm":1431,"minecraft:play_time":113176,"minecraft:deaths":1,"minecraft:sneak_time":368,"minecraft:walk_under_water_one_cm":1387,"minecraft:jump":1667,"minecraft:walk_on_water_one_cm":6117,"minecraft:total_world_time":113176,"minecraft:fall_one_cm":40653}},"DataVersion":3465}