{"stats":{"minecraft:crafted":{"minecraft:cooked_beef":0,"minecraft:cooked_porkchop":0,"minecraft:cooked_mutton":0,"minecraft:iron_ingot":0},"minecraft:dropped":{"minecraft:iron_ingot":12,"gobber2:gobber2_gooey_beef":1,"graveyard:dark_iron_ingot":1,"minecraft:leather":1,"minecraft:white_bed":1,"minecraft:dirt":1,"minecraft:wooden_pickaxe":1,"minecraft:iron_pickaxe":4},"minecraft:used":{"minecraft:cooked_mutton":4,"minecraft:stone_pickaxe":56,"minecraft:chest":2,"minecraft:wooden_pickaxe":9,"minecraft:iron_sword":15,"minecraft:dirt":1,"minecraft:mutton":1,"minecraft:crafting_table":2,"minecraft:magenta_bed":1,"minecraft:white_bed":1,"minecraft:iron_axe":309,"minecraft:iron_pickaxe":99,"minecraft:cobblestone":9,"minecraft:oak_sapling":1,"minecraft:furnace":3,"minecraft:cooked_porkchop":3,"alexsmobs:animal_dictionary":1,"minecraft:cooked_beef":8},"minecraft:killed":{"minecraft:pig":1,"graveyard:ghoul":1,"minecraft:spider":2,"minecraft:skeleton":1,"minecraft:sheep":6,"minecraft:zombie":2,"alexsmobs:bison":3,"alexsmobs:fly":1,"minecraft:cow":1},"minecraft:picked_up":{"minecraft:birch_log":39,"minecraft:crafting_table":2,"minecraft:allium":1,"gobber2:gobber2_gooey_beefstew":1,"minecraft:leather":1,"alexsmobs:bison_fur":6,"minecraft:oak_log":194,"minecraft:string":2,"minecraft:dirt":4,"minecraft:lantern":1,"minecraft:iron_axe":1,"minecraft:bone":1,"minecraft:apple":12,"graveyard:corruption":1,"gobber2:gobber2_gooey_beef":2,"minecraft:wheat_seeds":8,"minecraft:beef":22,"minecraft:iron_pickaxe":4,"minecraft:birch_sapling":14,"gobber2:gobber2_gooey_bread":2,"minecraft:furnace":1,"minecraft:book":3,"minecraft:stick":42,"minecraft:raw_iron":22,"vampirism:crucifix_normal":2,"minecraft:porkchop":3,"minecraft:white_bed":1,"minecraft:spruce_log":2,"minecraft:rotten_flesh":2,"minecraft:hay_block":11,"minecraft:granite":4,"minecraft:oak_sapling":59,"gobber2:gobber2_goo":2,"minecraft:mutton":8,"minecraft:coal":96,"iceandfire:raw_silver":7,"minecraft:white_wool":6,"minecraft:cobblestone":41},"minecraft:mined":{"minecraft:white_bed":1,"iceandfire:silver_ore":7,"minecraft:crafting_table":2,"minecraft:granite":4,"minecraft:chiseled_bookshelf":1,"biomesoplenty:bush":18,"minecraft:allium":1,"minecraft:grass_block":1,"gobber2:gobber2_lucky_block":7,"minecraft:hay_block":11,"minecraft:furnace":1,"minecraft:birch_log":39,"minecraft:iron_ore":22,"minecraft:spruce_log":3,"minecraft:grass":35,"minecraft:coal_ore":79,"minecraft:oak_log":198,"minecraft:dirt":2,"minecraft:stone":45,"minecraft:oak_leaves":42},"minecraft:broken":{"minecraft:iron_axe":1},"minecraft:custom":{"minecraft:interact_with_furnace":21,"minecraft:mob_kills":18,"vampirism:interact_with_research_table":1,"minecraft:interact_with_crafting_table":21,"minecraft:open_barrel":1,"minecraft:time_since_death":77176,"minecraft:sleep_in_bed":3,"minecraft:climb_one_cm":2468,"minecraft:time_since_rest":10812,"minecraft:sprint_one_cm":225209,"minecraft:damage_taken":773,"minecraft:walk_one_cm":128856,"minecraft:drop":11,"minecraft:damage_dealt":2709,"minecraft:fly_one_cm":133236,"minecraft:open_chest":16,"minecraft:crouch_one_cm":490,"minecraft:play_time":77176,"minecraft:sneak_time":171,"minecraft:walk_under_water_one_cm":195,"minecraft:jump":752,"minecraft:walk_on_water_one_cm":328,"minecraft:total_world_time":77176,"minecraft:fall_one_cm":14189}},"DataVersion":3465}