{"stats":{"minecraft:crafted":{"minecraft:iron_ingot":0},"minecraft:used":{"minecraft:cobblestone":7,"minecraft:crafting_table":1,"minecraft:furnace":1,"minecraft:stone_pickaxe":56,"minecraft:iron_pickaxe":17,"alexsmobs:animal_dictionary":1,"minecraft:wooden_pickaxe":9},"minecraft:killed":{"minecraft:spider":1},"minecraft:picked_up":{"minecraft:crafting_table":1,"minecraft:raw_iron":11,"minecraft:stick":6,"gobber2:gobber2_gooey_beef":1,"minecraft:oak_log":2,"minecraft:oak_sapling":1,"minecraft:coal":45,"minecraft:string":2,"minecraft:cobblestone":18},"minecraft:mined":{"minecraft:grass":1,"biomesoplenty:bush":1,"minecraft:coal_ore":46,"minecraft:oak_log":2,"gobber2:gobber2_lucky_block":1,"minecraft:iron_ore":11,"minecraft:stone":19,"minecraft:oak_leaves":29,"minecraft:crafting_table":1},"minecraft:custom":{"minecraft:interact_with_furnace":4,"minecraft:time_since_rest":17583,"minecraft:crouch_one_cm":130,"minecraft:play_time":17583,"minecraft:sprint_one_cm":21832,"minecraft:damage_taken":100,"minecraft:walk_one_cm":26813,"minecraft:sneak_time":78,"minecraft:mob_kills":1,"minecraft:jump":90,"minecraft:damage_dealt":159,"minecraft:time_since_death":17583,"minecraft:total_world_time":17583,"minecraft:interact_with_crafting_table":8,"minecraft:fall_one_cm":896,"minecraft:fly_one_cm":10294}},"DataVersion":3465}