{"stats":{"minecraft:crafted":{"minecraft:cooked_porkchop":0,"minecraft:iron_ingot":0,"minecraft:cooked_mutton":0},"minecraft:dropped":{"gobber2:gobber2_gooey_beef":1,"minecraft:iron_pickaxe":2},"minecraft:used":{"minecraft:cooked_mutton":4,"minecraft:iron_axe":103,"minecraft:stone_pickaxe":56,"minecraft:iron_pickaxe":41,"minecraft:wooden_pickaxe":9,"minecraft:mutton":1,"minecraft:cobblestone":7,"minecraft:crafting_table":1,"minecraft:oak_sapling":1,"minecraft:furnace":2,"alexsmobs:animal_dictionary":1},"minecraft:picked_up":{"minecraft:stick":10,"minecraft:raw_iron":20,"minecraft:crafting_table":2,"minecraft:leather":1,"alexsmobs:bison_fur":2,"minecraft:porkchop":3,"minecraft:oak_log":78,"minecraft:string":2,"minecraft:apple":1,"gobber2:gobber2_gooey_beef":1,"minecraft:wheat_seeds":1,"minecraft:beef":9,"minecraft:iron_pickaxe":2,"minecraft:oak_sapling":24,"minecraft:mutton":8,"minecraft:coal":64,"minecraft:white_wool":6,"minecraft:cobblestone":28,"minecraft:furnace":1},"minecraft:killed":{"minecraft:sheep":6,"minecraft:pig":1,"minecraft:spider":1,"alexsmobs:bison":1,"minecraft:cow":1},"minecraft:mined":{"minecraft:furnace":1,"minecraft:iron_ore":20,"minecraft:crafting_table":2,"minecraft:grass":5,"biomesoplenty:bush":12,"minecraft:oak_log":80,"minecraft:coal_ore":46,"gobber2:gobber2_lucky_block":1,"minecraft:stone":30,"minecraft:oak_leaves":31},"minecraft:custom":{"minecraft:time_since_rest":29583,"minecraft:interact_with_furnace":13,"minecraft:sprint_one_cm":68237,"minecraft:damage_taken":248,"minecraft:walk_one_cm":55746,"minecraft:mob_kills":10,"minecraft:drop":3,"minecraft:damage_dealt":1298,"minecraft:interact_with_crafting_table":14,"minecraft:fly_one_cm":54096,"minecraft:crouch_one_cm":336,"minecraft:play_time":29583,"minecraft:sneak_time":107,"minecraft:jump":302,"minecraft:time_since_death":29583,"minecraft:total_world_time":29583,"minecraft:fall_one_cm":5399}},"DataVersion":3465}