{"stats":{"minecraft:picked_up":{"minecraft:iron_chestplate":3,"minecraft:crafting_table":2,"minecraft:allium":3,"minecraft:chicken":3,"vampirism:dark_spruce_log":38,"minecraft:golden_pickaxe":2,"minecraft:leather_leggings":1,"minecraft:gold_block":10,"minecraft:string":2,"minecraft:iron_axe":5,"minecraft:flint_and_steel":2,"minecraft:iron_shovel":1,"graveyard:corruption":4,"minecraft:cobbled_deepslate":19,"minecraft:beef":32,"minecraft:iron_pickaxe":9,"alexsmobs:raccoon_tail":3,"biomesoplenty:redwood_wood":177,"minecraft:birch_sapling":14,"minecraft:furnace":1,"minecraft:iron_boots":1,"minecraft:egg":1,"minecraft:stick":46,"minecraft:raw_iron":99,"minecraft:oak_door":1,"minecraft:torch":28,"minecraft:porkchop":37,"vampirism:vampire_fang":3,"tombstone:grave_dust":3,"minecraft:diorite":1,"vampirism:amulet":2,"vampirism:blood_bottle":19,"minecraft:arrow":17,"minecraft:rotten_flesh":18,"minecraft:hay_block":46,"biomesoplenty:redwood_sapling":2,"vampirism:item_alchemical_fire":9,"minecraft:mutton":30,"minecraft:white_wool":18,"minecraft:cobblestone":684,"minecraft:stripped_oak_log":1,"minecraft:birch_log":39,"minecraft:pink_petals":51,"biomesoplenty:white_sand":21,"minecraft:feather":10,"minecraft:andesite":41,"gobber2:gobber2_gooey_beefstew":1,"minecraft:leather":28,"minecraft:potato":35,"biomesoplenty:fir_sapling":2,"biomesoplenty:fir_log":150,"alexsmobs:bison_fur":12,"minecraft:oak_log":288,"minecraft:magenta_bed":3,"minecraft:gunpowder":2,"minecraft:dirt":105,"minecraft:lantern":3,"tombstone:gift":1,"minecraft:bone":34,"minecraft:apple":13,"minecraft:bow":4,"gobber2:gobber2_gooey_beef":7,"minecraft:wheat_seeds":26,"vampirism:item_garlic":6,"vampirism:bloody_dark_stone_bricks":3,"minecraft:iron_ingot":7,"minecraft:stone_pickaxe":2,"minecraft:cooked_chicken":2,"biomesoplenty:magic_log":55,"tombstone:bag_of_seeds":1,"minecraft:iron_sword":4,"minecraft:oak_planks":74,"gobber2:gobber2_gooey_bread":2,"vampirism:potion_table":2,"minecraft:book":3,"biomesoplenty:magic_sapling":3,"vampirism:cursed_spruce_log":11,"minecraft:cooked_porkchop":2,"vampirism:dark_spruce_sapling":6,"vampirism:ring":6,"minecraft:spyglass":2,"vampirism:crucifix_normal":2,"minecraft:spruce_sapling":1,"vampirism:heart_seeker_ultimate":1,"minecraft:white_bed":3,"minecraft:spruce_log":11,"alexsmobs:animal_dictionary":2,"biomesoplenty:glowflower":2,"travelersbackpack:standard":3,"minecraft:diamond":9,"vampirism:oil_bottle":4,"minecraft:iron_helmet":4,"minecraft:granite":4,"minecraft:bread":3,"vampirism:vampire_orchid":1,"biomesoplenty:pink_daffodil":1,"minecraft:oak_sapling":62,"minecraft:coal":230,"gobber2:gobber2_goo":3,"iceandfire:raw_silver":21},"minecraft:killed_by":{"minecraft:zombie_villager":2,"minecraft:player":6,"iceandfire:cyclops":1,"minecraft:creeper":1,"minecraft:pillager":1,"iceandfire:fire_dragon":5},"minecraft:killed":{"vampirism:vampire":6,"minecraft:witch":1,"vampirism:advanced_vampire":2,"graveyard:nightmare":1,"alexsmobs:raccoon":1,"minecraft:spider":5,"minecraft:vindicator":1,"minecraft:skeleton":16,"vampirism:blinding_bat":1,"minecraft:chicken":3,"minecraft:llama":2,"alexsmobs:bison":3,"minecraft:drowned":1,"minecraft:pig":15,"graveyard:ghoul":1,"minecraft:zombie_villager":5,"minecraft:sheep":11,"minecraft:pillager":9,"minecraft:zombie":8,"alexsmobs:fly":3,"minecraft:cow":5},"minecraft:dropped":{"minecraft:iron_ingot":12,"minecraft:iron_sword":1,"biomesoplenty:redwood_wood":127,"minecraft:cooked_porkchop":1,"minecraft:cobblestone":3,"minecraft:lantern":1,"minecraft:leather":5,"minecraft:apple":1,"minecraft:granite":4,"alexsmobs:bison_fur":12,"minecraft:stick":10,"minecraft:gold_block":5,"minecraft:dirt":8,"vampirism:bloody_dark_stone_bricks":1,"vampirism:dark_spruce_log":12,"minecraft:iron_axe":1,"minecraft:iron_pickaxe":4,"minecraft:white_wool":8,"gobber2:gobber2_gooey_bread":1,"minecraft:bone":4,"minecraft:cooked_chicken":1,"vampirism:vampire_orchid":1,"gobber2:gobber2_gooey_beef":5,"graveyard:dark_iron_ingot":1,"minecraft:rotten_flesh":1,"minecraft:iron_boots":2,"vampirism:blood_bottle":12,"minecraft:white_bed":1,"biomesoplenty:white_sand":21,"vampirism:heart_seeker_ultimate":1,"minecraft:allium":2,"vampirism:oil_bottle":2,"minecraft:andesite":7,"minecraft:oak_sapling":2,"minecraft:leather_leggings":1,"minecraft:arrow":2,"minecraft:glass":21,"minecraft:stone_pickaxe":1,"minecraft:wooden_pickaxe":1},"minecraft:custom":{"minecraft:interact_with_smithing_table":1,"minecraft:mob_kills":108,"minecraft:interact_with_crafting_table":42,"minecraft:open_barrel":26,"minecraft:leave_game":4,"minecraft:time_since_death":16529,"minecraft:climb_one_cm":9018,"minecraft:sprint_one_cm":822719,"minecraft:walk_one_cm":606352,"minecraft:drop":92,"minecraft:play_noteblock":1,"minecraft:play_time":321313,"minecraft:sneak_time":5670,"minecraft:deaths":20,"minecraft:walk_under_water_one_cm":40366,"minecraft:jump":4859,"minecraft:walk_on_water_one_cm":41285,"minecraft:total_world_time":321313,"minecraft:interact_with_furnace":88,"tombstone:raider_killed":11,"vampirism:interact_with_research_table":3,"minecraft:tune_noteblock":4,"vampirism:interact_with_garlic_diffuser":1,"minecraft:sleep_in_bed":13,"minecraft:time_since_rest":16247,"minecraft:damage_taken":9635,"minecraft:damage_dealt":18277,"minecraft:swim_one_cm":58006,"minecraft:fly_one_cm":794472,"minecraft:open_chest":77,"minecraft:crouch_one_cm":20343,"tombstone:undead_killed":20,"minecraft:inspect_dispenser":2,"minecraft:fall_one_cm":159152},"minecraft:used":{"minecraft:iron_shovel":108,"gobber2:gobber2_gooey_bread":1,"minecraft:chest":2,"minecraft:iron_sword":323,"minecraft:cooked_chicken":1,"minecraft:rotten_flesh":1,"minecraft:iron_chestplate":2,"minecraft:torch":102,"minecraft:mutton":1,"minecraft:dirt":2,"minecraft:iron_hoe":189,"minecraft:lava_bucket":3,"minecraft:iron_axe":868,"minecraft:iron_helmet":2,"minecraft:iron_boots":1,"minecraft:bow":8,"minecraft:oak_sapling":1,"minecraft:furnace":4,"tombstone:gift":5,"minecraft:cooked_beef":29,"minecraft:potato":36,"minecraft:cooked_mutton":4,"minecraft:water_bucket":26,"minecraft:stone_pickaxe":56,"biomesoplenty:magic_log":1,"minecraft:baked_potato":5,"minecraft:wooden_pickaxe":9,"biomesoplenty:glowflower":2,"minecraft:crafting_table":5,"minecraft:magenta_bed":4,"minecraft:white_bed":3,"minecraft:apple":12,"minecraft:bread":14,"minecraft:iron_pickaxe":325,"tombstone:grave_key":3,"vampirism:heart_seeker_ultimate":2,"minecraft:diamond_sword":68,"minecraft:cobblestone":109,"travelersbackpack:standard":1,"minecraft:porkchop":14,"minecraft:cooked_porkchop":20,"minecraft:bucket":30,"minecraft:pumpkin_pie":4,"alexsmobs:animal_dictionary":1,"minecraft:bone_meal":21},"minecraft:crafted":{"minecraft:oak_planks":48,"minecraft:cooked_chicken":2,"minecraft:cooked_mutton":0,"minecraft:glass":19,"minecraft:cooked_beef":2,"minecraft:cooked_porkchop":18,"minecraft:baked_potato":5,"minecraft:bread":22,"minecraft:air":0,"minecraft:iron_ingot":38,"minecraft:torch":200},"minecraft:mined":{"minecraft:white_bed":2,"biomesoplenty:white_sand":21,"iceandfire:silver_ore":7,"minecraft:deepslate_diamond_ore":9,"minecraft:sculk_vein":5,"minecraft:spruce_trapdoor":1,"biomesoplenty:bush":59,"minecraft:granite":4,"minecraft:chiseled_bookshelf":1,"minecraft:allium":3,"minecraft:grass_block":28,"vampirism:dark_spruce_log":26,"gobber2:gobber2_lucky_block":11,"vampirism:vampire_orchid":2,"travelersbackpack:white_sleeping_bag":2,"minecraft:spruce_leaves":4,"minecraft:hay_block":25,"minecraft:sculk_catalyst":4,"minecraft:furnace":1,"minecraft:iron_ore":79,"minecraft:fire":1,"minecraft:andesite":21,"biomesoplenty:magic_log":19,"minecraft:potatoes":11,"biomesoplenty:high_grass":56,"minecraft:deepslate_iron_ore":1,"biomesoplenty:glowflower":2,"minecraft:stripped_oak_log":1,"minecraft:stone":538,"vampirism:dark_stone":1,"vampirism:cursed_spruce_log":11,"minecraft:soul_lantern":1,"minecraft:powder_snow":1,"minecraft:crafting_table":2,"minecraft:torch":9,"minecraft:sculk_sensor":4,"minecraft:tall_grass":13,"biomesoplenty:high_grass_plant":102,"minecraft:cobblestone":8,"biomesoplenty:sprout":7,"biomesoplenty:huge_clover_petal":2,"minecraft:sculk":18,"minecraft:diorite":1,"minecraft:wall_torch":9,"minecraft:pink_petals":2,"minecraft:spruce_stairs":1,"graveyard:mossy_cobblestone_gravestone":1,"minecraft:coarse_dirt":1,"vampirism:bloody_dark_stone_bricks":1,"biomesoplenty:blue_hydrangea":1,"minecraft:birch_log":39,"vampirism:dark_spruce_leaves":4,"biomesoplenty:pink_daffodil":1,"minecraft:lilac":1,"minecraft:spruce_log":11,"minecraft:birch_leaves":1,"biomesoplenty:fir_log":155,"minecraft:grass":112,"biomesoplenty:clover":15,"minecraft:oak_log":275,"minecraft:coal_ore":151,"minecraft:dirt":37,"minecraft:netherrack":1,"minecraft:deepslate":18,"biomesoplenty:redwood_wood":223,"minecraft:oak_leaves":49,"minecraft:iron_trapdoor":1,"minecraft:fern":2},"minecraft:broken":{"minecraft:iron_chestplate":1,"minecraft:iron_axe":2,"minecraft:iron_helmet":1}},"DataVersion":3465}