{"stats":{"minecraft:crafted":{"minecraft:cooked_porkchop":0,"minecraft:iron_ingot":0,"minecraft:cooked_mutton":0},"minecraft:dropped":{"gobber2:gobber2_gooey_beef":1,"minecraft:iron_pickaxe":4},"minecraft:used":{"minecraft:cooked_mutton":4,"minecraft:iron_axe":232,"minecraft:stone_pickaxe":56,"minecraft:iron_pickaxe":51,"minecraft:chest":2,"minecraft:wooden_pickaxe":9,"minecraft:dirt":1,"minecraft:mutton":1,"minecraft:cobblestone":7,"minecraft:crafting_table":2,"minecraft:oak_sapling":1,"minecraft:furnace":3,"minecraft:cooked_porkchop":3,"minecraft:white_bed":1,"alexsmobs:animal_dictionary":1},"minecraft:killed":{"minecraft:sheep":6,"graveyard:ghoul":1,"minecraft:pig":1,"minecraft:spider":1,"alexsmobs:bison":1,"alexsmobs:fly":1,"minecraft:cow":1},"minecraft:picked_up":{"minecraft:birch_log":14,"minecraft:stick":39,"minecraft:raw_iron":20,"minecraft:crafting_table":2,"minecraft:leather":1,"alexsmobs:bison_fur":2,"minecraft:porkchop":3,"minecraft:oak_log":171,"minecraft:dirt":1,"minecraft:string":2,"minecraft:apple":12,"graveyard:corruption":1,"gobber2:gobber2_gooey_beef":1,"minecraft:wheat_seeds":5,"minecraft:beef":9,"minecraft:iron_pickaxe":4,"minecraft:oak_sapling":53,"minecraft:birch_sapling":8,"minecraft:mutton":8,"minecraft:coal":74,"minecraft:white_wool":6,"minecraft:cobblestone":28,"minecraft:furnace":1},"minecraft:mined":{"minecraft:furnace":1,"minecraft:birch_log":14,"minecraft:iron_ore":20,"minecraft:crafting_table":2,"minecraft:grass":16,"biomesoplenty:bush":16,"minecraft:grass_block":1,"minecraft:oak_log":175,"minecraft:coal_ore":56,"gobber2:gobber2_lucky_block":1,"minecraft:stone":30,"minecraft:oak_leaves":41},"minecraft:custom":{"minecraft:time_since_rest":0,"minecraft:interact_with_furnace":15,"minecraft:sprint_one_cm":141210,"minecraft:damage_taken":402,"minecraft:walk_one_cm":78383,"minecraft:mob_kills":12,"minecraft:drop":5,"minecraft:damage_dealt":1517,"minecraft:interact_with_crafting_table":16,"minecraft:fly_one_cm":81072,"minecraft:open_chest":5,"minecraft:crouch_one_cm":352,"minecraft:play_time":53583,"minecraft:sneak_time":127,"minecraft:jump":441,"minecraft:time_since_death":53583,"minecraft:sleep_in_bed":2,"minecraft:total_world_time":53583,"minecraft:fall_one_cm":7191}},"DataVersion":3465}