{"stats":{"minecraft:crafted":{"minecraft:cooked_beef":0,"minecraft:cooked_porkchop":0,"minecraft:iron_ingot":0,"minecraft:cooked_mutton":0},"minecraft:dropped":{"gobber2:gobber2_gooey_beef":1,"minecraft:iron_pickaxe":4,"minecraft:iron_ingot":12},"minecraft:used":{"minecraft:cooked_mutton":4,"minecraft:stone_pickaxe":56,"minecraft:iron_pickaxe":51,"minecraft:iron_axe":295,"minecraft:chest":2,"minecraft:wooden_pickaxe":9,"minecraft:iron_sword":5,"minecraft:cobblestone":9,"minecraft:dirt":1,"minecraft:mutton":1,"minecraft:crafting_table":2,"minecraft:furnace":3,"minecraft:oak_sapling":1,"minecraft:cooked_porkchop":3,"minecraft:white_bed":1,"alexsmobs:animal_dictionary":1,"minecraft:cooked_beef":2},"minecraft:killed":{"minecraft:sheep":6,"minecraft:pig":1,"minecraft:zombie":1,"graveyard:ghoul":1,"minecraft:spider":2,"alexsmobs:bison":1,"alexsmobs:fly":1,"minecraft:skeleton":1,"minecraft:cow":1},"minecraft:picked_up":{"minecraft:birch_log":39,"minecraft:crafting_table":2,"minecraft:stick":42,"minecraft:raw_iron":20,"minecraft:leather":1,"alexsmobs:bison_fur":2,"minecraft:porkchop":3,"minecraft:oak_log":194,"minecraft:dirt":1,"minecraft:string":2,"minecraft:bone":1,"minecraft:rotten_flesh":2,"minecraft:apple":12,"graveyard:corruption":1,"gobber2:gobber2_gooey_beef":1,"minecraft:wheat_seeds":8,"minecraft:beef":9,"minecraft:iron_pickaxe":4,"minecraft:oak_sapling":59,"minecraft:mutton":8,"minecraft:birch_sapling":14,"minecraft:coal":74,"minecraft:white_wool":6,"minecraft:cobblestone":38,"minecraft:furnace":1},"minecraft:mined":{"minecraft:furnace":1,"minecraft:birch_log":39,"minecraft:iron_ore":20,"minecraft:crafting_table":2,"minecraft:grass":27,"biomesoplenty:bush":17,"minecraft:oak_log":198,"minecraft:grass_block":1,"minecraft:coal_ore":56,"gobber2:gobber2_lucky_block":1,"minecraft:stone":42,"minecraft:oak_leaves":42},"minecraft:broken":{"minecraft:iron_axe":1},"minecraft:custom":{"minecraft:time_since_rest":11575,"minecraft:interact_with_furnace":21,"minecraft:sprint_one_cm":178644,"minecraft:damage_taken":502,"minecraft:walk_one_cm":98745,"minecraft:mob_kills":15,"minecraft:drop":6,"minecraft:damage_dealt":2155,"minecraft:interact_with_crafting_table":20,"minecraft:fly_one_cm":98682,"minecraft:open_chest":12,"minecraft:play_time":65176,"minecraft:crouch_one_cm":352,"minecraft:sneak_time":129,"minecraft:jump":538,"minecraft:time_since_death":65176,"minecraft:sleep_in_bed":2,"minecraft:total_world_time":65176,"minecraft:fall_one_cm":7818}},"DataVersion":3465}