{"stats":{"minecraft:crafted":{"minecraft:cooked_porkchop":0,"minecraft:iron_ingot":0,"minecraft:cooked_mutton":0},"minecraft:dropped":{"gobber2:gobber2_gooey_beef":1,"minecraft:iron_pickaxe":2},"minecraft:used":{"minecraft:cooked_mutton":4,"minecraft:iron_axe":227,"minecraft:stone_pickaxe":56,"minecraft:iron_pickaxe":51,"minecraft:chest":2,"minecraft:wooden_pickaxe":9,"minecraft:mutton":1,"minecraft:cobblestone":7,"minecraft:crafting_table":2,"minecraft:oak_sapling":1,"minecraft:furnace":2,"minecraft:cooked_porkchop":1,"minecraft:white_bed":1,"alexsmobs:animal_dictionary":1},"minecraft:killed":{"minecraft:sheep":6,"minecraft:pig":1,"minecraft:spider":1,"alexsmobs:bison":1,"alexsmobs:fly":1,"minecraft:cow":1},"minecraft:picked_up":{"minecraft:birch_log":14,"minecraft:stick":35,"minecraft:raw_iron":20,"minecraft:crafting_table":2,"minecraft:leather":1,"alexsmobs:bison_fur":2,"minecraft:porkchop":3,"minecraft:oak_log":171,"minecraft:string":2,"minecraft:apple":12,"gobber2:gobber2_gooey_beef":1,"minecraft:wheat_seeds":5,"minecraft:beef":9,"minecraft:iron_pickaxe":2,"minecraft:oak_sapling":52,"minecraft:birch_sapling":6,"minecraft:mutton":8,"minecraft:coal":74,"minecraft:white_wool":6,"minecraft:cobblestone":28,"minecraft:furnace":1},"minecraft:mined":{"minecraft:furnace":1,"minecraft:birch_log":14,"minecraft:iron_ore":20,"minecraft:crafting_table":2,"minecraft:grass":16,"biomesoplenty:bush":16,"minecraft:oak_log":175,"minecraft:coal_ore":56,"gobber2:gobber2_lucky_block":1,"minecraft:stone":30,"minecraft:oak_leaves":41},"minecraft:custom":{"minecraft:time_since_rest":6509,"minecraft:interact_with_furnace":13,"minecraft:sprint_one_cm":131621,"minecraft:damage_taken":248,"minecraft:walk_one_cm":74294,"minecraft:mob_kills":11,"minecraft:drop":3,"minecraft:damage_dealt":1318,"minecraft:interact_with_crafting_table":15,"minecraft:fly_one_cm":72091,"minecraft:open_chest":4,"minecraft:crouch_one_cm":336,"minecraft:play_time":41583,"minecraft:sneak_time":110,"minecraft:jump":391,"minecraft:time_since_death":41583,"minecraft:sleep_in_bed":1,"minecraft:total_world_time":41583,"minecraft:fall_one_cm":6773}},"DataVersion":3465}