{"stats":{"minecraft:broken":{"minecraft:iron_axe":2,"minecraft:iron_helmet":1},"minecraft:killed":{"vampirism:vampire":4,"vampirism:advanced_vampire":1,"graveyard:nightmare":1,"alexsmobs:raccoon":1,"minecraft:spider":4,"minecraft:skeleton":7,"vampirism:blinding_bat":1,"minecraft:chicken":3,"minecraft:llama":2,"alexsmobs:bison":3,"minecraft:drowned":1,"minecraft:pig":15,"graveyard:ghoul":1,"minecraft:sheep":11,"minecraft:zombie":8,"alexsmobs:fly":1,"minecraft:cow":5},"minecraft:custom":{"minecraft:interact_with_smithing_table":1,"minecraft:mob_kills":70,"minecraft:interact_with_crafting_table":31,"minecraft:open_barrel":1,"minecraft:leave_game":2,"minecraft:time_since_death":10318,"minecraft:climb_one_cm":2468,"minecraft:sprint_one_cm":631905,"minecraft:walk_one_cm":417224,"minecraft:drop":80,"minecraft:play_time":249421,"minecraft:deaths":16,"minecraft:sneak_time":1132,"minecraft:walk_under_water_one_cm":29375,"minecraft:jump":3620,"minecraft:walk_on_water_one_cm":19210,"minecraft:total_world_time":249421,"minecraft:interact_with_furnace":74,"vampirism:interact_with_research_table":1,"minecraft:sleep_in_bed":12,"minecraft:time_since_rest":10085,"minecraft:damage_taken":7586,"minecraft:damage_dealt":11916,"minecraft:swim_one_cm":52328,"minecraft:fly_one_cm":590666,"minecraft:open_chest":52,"minecraft:crouch_one_cm":2901,"tombstone:undead_killed":6,"minecraft:fall_one_cm":118809},"minecraft:killed_by":{"minecraft:player":6,"iceandfire:cyclops":1,"minecraft:creeper":1,"iceandfire:fire_dragon":5},"minecraft:picked_up":{"minecraft:crafting_table":2,"minecraft:iron_chestplate":3,"minecraft:allium":1,"minecraft:chicken":3,"vampirism:dark_spruce_log":38,"minecraft:golden_pickaxe":2,"minecraft:gold_block":10,"minecraft:string":2,"minecraft:flint_and_steel":2,"minecraft:iron_axe":5,"minecraft:iron_shovel":1,"graveyard:corruption":4,"minecraft:beef":32,"minecraft:iron_pickaxe":9,"alexsmobs:raccoon_tail":3,"biomesoplenty:redwood_wood":177,"minecraft:birch_sapling":14,"minecraft:egg":1,"minecraft:furnace":1,"minecraft:stick":44,"minecraft:raw_iron":72,"minecraft:oak_door":1,"minecraft:torch":25,"minecraft:porkchop":37,"tombstone:grave_dust":3,"vampirism:vampire_fang":2,"vampirism:amulet":2,"minecraft:arrow":7,"vampirism:blood_bottle":17,"minecraft:rotten_flesh":11,"minecraft:hay_block":33,"biomesoplenty:redwood_sapling":2,"vampirism:item_alchemical_fire":9,"minecraft:mutton":30,"minecraft:white_wool":18,"minecraft:cobblestone":298,"minecraft:stripped_oak_log":1,"minecraft:birch_log":39,"biomesoplenty:white_sand":21,"minecraft:feather":10,"minecraft:andesite":24,"gobber2:gobber2_gooey_beefstew":1,"minecraft:leather":28,"biomesoplenty:fir_sapling":2,"biomesoplenty:fir_log":150,"alexsmobs:bison_fur":12,"minecraft:oak_log":288,"minecraft:magenta_bed":3,"minecraft:gunpowder":2,"minecraft:dirt":90,"minecraft:lantern":1,"minecraft:bone":26,"minecraft:apple":13,"minecraft:bow":3,"gobber2:gobber2_gooey_beef":5,"minecraft:wheat_seeds":19,"vampirism:item_garlic":6,"vampirism:bloody_dark_stone_bricks":3,"minecraft:iron_ingot":7,"minecraft:stone_pickaxe":2,"minecraft:cooked_chicken":2,"biomesoplenty:magic_log":55,"minecraft:iron_sword":4,"minecraft:oak_planks":60,"gobber2:gobber2_gooey_bread":2,"vampirism:potion_table":2,"minecraft:book":3,"biomesoplenty:magic_sapling":3,"vampirism:cursed_spruce_log":11,"minecraft:cooked_porkchop":2,"vampirism:dark_spruce_sapling":6,"vampirism:ring":6,"minecraft:spyglass":2,"vampirism:crucifix_normal":2,"minecraft:spruce_sapling":1,"vampirism:heart_seeker_ultimate":1,"minecraft:white_bed":3,"minecraft:spruce_log":11,"alexsmobs:animal_dictionary":2,"biomesoplenty:glowflower":2,"travelersbackpack:standard":3,"vampirism:oil_bottle":4,"minecraft:iron_helmet":4,"minecraft:granite":4,"vampirism:vampire_orchid":1,"biomesoplenty:pink_daffodil":1,"minecraft:oak_sapling":62,"gobber2:gobber2_goo":3,"minecraft:coal":189,"iceandfire:raw_silver":21},"minecraft:dropped":{"minecraft:iron_ingot":12,"minecraft:iron_sword":1,"biomesoplenty:redwood_wood":127,"minecraft:cooked_porkchop":1,"minecraft:cobblestone":3,"minecraft:apple":1,"minecraft:leather":5,"minecraft:granite":4,"alexsmobs:bison_fur":12,"minecraft:stick":6,"minecraft:gold_block":5,"minecraft:dirt":8,"vampirism:dark_spruce_log":12,"minecraft:iron_axe":1,"minecraft:iron_pickaxe":4,"minecraft:white_wool":8,"gobber2:gobber2_gooey_bread":1,"minecraft:bone":4,"minecraft:cooked_chicken":1,"vampirism:vampire_orchid":1,"gobber2:gobber2_gooey_beef":5,"graveyard:dark_iron_ingot":1,"minecraft:rotten_flesh":1,"vampirism:blood_bottle":10,"minecraft:white_bed":1,"biomesoplenty:white_sand":21,"vampirism:heart_seeker_ultimate":1,"vampirism:oil_bottle":2,"minecraft:oak_sapling":2,"minecraft:wooden_pickaxe":1,"minecraft:glass":21,"minecraft:stone_pickaxe":1},"minecraft:crafted":{"minecraft:cooked_chicken":2,"minecraft:cooked_mutton":0,"minecraft:glass":19,"minecraft:cooked_beef":0,"minecraft:cooked_porkchop":18,"minecraft:air":0,"minecraft:iron_ingot":18,"minecraft:torch":160},"minecraft:mined":{"minecraft:white_bed":2,"biomesoplenty:white_sand":21,"iceandfire:silver_ore":7,"minecraft:granite":4,"minecraft:chiseled_bookshelf":1,"biomesoplenty:bush":54,"minecraft:allium":2,"minecraft:grass_block":24,"vampirism:dark_spruce_log":26,"gobber2:gobber2_lucky_block":9,"vampirism:vampire_orchid":2,"travelersbackpack:white_sleeping_bag":2,"minecraft:spruce_leaves":4,"minecraft:hay_block":11,"minecraft:furnace":1,"minecraft:iron_ore":53,"minecraft:fire":1,"minecraft:andesite":11,"biomesoplenty:magic_log":19,"biomesoplenty:high_grass":28,"biomesoplenty:glowflower":2,"minecraft:stripped_oak_log":1,"minecraft:stone":151,"vampirism:dark_stone":1,"vampirism:cursed_spruce_log":11,"minecraft:soul_lantern":1,"minecraft:powder_snow":1,"minecraft:crafting_table":2,"minecraft:torch":8,"biomesoplenty:high_grass_plant":59,"minecraft:tall_grass":3,"biomesoplenty:sprout":7,"biomesoplenty:huge_clover_petal":2,"minecraft:wall_torch":7,"minecraft:spruce_stairs":1,"graveyard:mossy_cobblestone_gravestone":1,"minecraft:coarse_dirt":1,"vampirism:bloody_dark_stone_bricks":1,"biomesoplenty:blue_hydrangea":1,"minecraft:birch_log":39,"vampirism:dark_spruce_leaves":4,"biomesoplenty:pink_daffodil":1,"minecraft:lilac":1,"minecraft:spruce_log":11,"minecraft:birch_leaves":1,"biomesoplenty:fir_log":155,"minecraft:grass":88,"biomesoplenty:clover":15,"minecraft:oak_log":275,"minecraft:coal_ore":110,"minecraft:dirt":26,"minecraft:netherrack":1,"biomesoplenty:redwood_wood":223,"minecraft:oak_leaves":49,"minecraft:fern":2},"minecraft:used":{"minecraft:iron_shovel":108,"gobber2:gobber2_gooey_bread":1,"minecraft:chest":2,"minecraft:iron_sword":255,"minecraft:cooked_chicken":1,"minecraft:rotten_flesh":1,"minecraft:iron_chestplate":2,"minecraft:torch":55,"minecraft:mutton":1,"minecraft:dirt":2,"minecraft:iron_axe":867,"minecraft:iron_helmet":2,"minecraft:bow":2,"minecraft:oak_sapling":1,"minecraft:furnace":4,"tombstone:gift":5,"minecraft:cooked_beef":27,"minecraft:cooked_mutton":4,"minecraft:stone_pickaxe":56,"biomesoplenty:magic_log":1,"minecraft:wooden_pickaxe":9,"biomesoplenty:glowflower":2,"minecraft:crafting_table":3,"minecraft:magenta_bed":4,"minecraft:white_bed":3,"minecraft:iron_pickaxe":197,"tombstone:grave_key":2,"vampirism:heart_seeker_ultimate":2,"minecraft:cobblestone":11,"travelersbackpack:standard":1,"minecraft:porkchop":14,"minecraft:cooked_porkchop":20,"alexsmobs:animal_dictionary":1}},"DataVersion":3465}