{"stats":{"minecraft:crafted":{"minecraft:cooked_mutton":0,"minecraft:cooked_beef":0,"minecraft:cooked_porkchop":0,"minecraft:iron_ingot":0,"minecraft:torch":140},"minecraft:dropped":{"minecraft:iron_ingot":12,"minecraft:cobblestone":2,"minecraft:leather":5,"minecraft:granite":4,"alexsmobs:bison_fur":12,"minecraft:dirt":8,"vampirism:dark_spruce_log":12,"minecraft:iron_pickaxe":4,"gobber2:gobber2_gooey_bread":1,"minecraft:bone":4,"vampirism:vampire_orchid":1,"gobber2:gobber2_gooey_beef":5,"graveyard:dark_iron_ingot":1,"minecraft:rotten_flesh":1,"minecraft:white_bed":1,"vampirism:oil_bottle":2,"minecraft:wooden_pickaxe":1,"minecraft:stone_pickaxe":1},"minecraft:used":{"gobber2:gobber2_gooey_bread":1,"minecraft:chest":2,"minecraft:iron_sword":116,"minecraft:iron_chestplate":1,"minecraft:rotten_flesh":1,"minecraft:torch":27,"minecraft:dirt":1,"minecraft:mutton":1,"minecraft:iron_axe":533,"minecraft:iron_helmet":1,"minecraft:furnace":4,"minecraft:oak_sapling":1,"minecraft:cooked_beef":21,"minecraft:cooked_mutton":4,"minecraft:stone_pickaxe":56,"biomesoplenty:magic_log":1,"minecraft:wooden_pickaxe":9,"biomesoplenty:glowflower":2,"minecraft:crafting_table":3,"minecraft:magenta_bed":1,"minecraft:white_bed":1,"minecraft:iron_pickaxe":159,"minecraft:cobblestone":9,"minecraft:porkchop":2,"minecraft:cooked_porkchop":3,"alexsmobs:animal_dictionary":1},"minecraft:killed_by":{"iceandfire:cyclops":1,"iceandfire:fire_dragon":5},"minecraft:killed":{"vampirism:vampire":1,"vampirism:advanced_vampire":1,"graveyard:nightmare":1,"alexsmobs:raccoon":1,"minecraft:spider":4,"minecraft:skeleton":4,"minecraft:llama":2,"alexsmobs:bison":3,"minecraft:pig":1,"graveyard:ghoul":1,"minecraft:sheep":7,"minecraft:zombie":6,"alexsmobs:fly":1,"minecraft:cow":4},"minecraft:picked_up":{"minecraft:iron_chestplate":1,"minecraft:crafting_table":2,"minecraft:allium":1,"vampirism:dark_spruce_log":38,"minecraft:golden_pickaxe":2,"minecraft:gold_block":10,"minecraft:string":2,"minecraft:iron_axe":5,"minecraft:flint_and_steel":2,"graveyard:corruption":4,"minecraft:beef":26,"minecraft:iron_pickaxe":7,"minecraft:birch_sapling":14,"minecraft:furnace":1,"minecraft:raw_iron":51,"minecraft:stick":42,"minecraft:torch":9,"minecraft:porkchop":7,"minecraft:arrow":4,"minecraft:rotten_flesh":8,"minecraft:hay_block":33,"vampirism:item_alchemical_fire":9,"minecraft:mutton":15,"minecraft:white_wool":10,"minecraft:cobblestone":256,"minecraft:birch_log":39,"minecraft:leather":25,"gobber2:gobber2_gooey_beefstew":1,"biomesoplenty:fir_sapling":2,"biomesoplenty:fir_log":150,"alexsmobs:bison_fur":12,"minecraft:oak_log":216,"minecraft:gunpowder":2,"minecraft:dirt":9,"minecraft:lantern":1,"minecraft:bone":15,"minecraft:apple":12,"gobber2:gobber2_gooey_beef":5,"minecraft:wheat_seeds":9,"vampirism:item_garlic":6,"minecraft:iron_ingot":7,"minecraft:stone_pickaxe":2,"biomesoplenty:magic_log":55,"minecraft:oak_planks":57,"minecraft:iron_sword":2,"gobber2:gobber2_gooey_bread":2,"vampirism:potion_table":2,"minecraft:book":3,"biomesoplenty:magic_sapling":3,"vampirism:cursed_spruce_log":11,"vampirism:dark_spruce_sapling":6,"minecraft:spyglass":2,"vampirism:crucifix_normal":2,"minecraft:spruce_sapling":1,"minecraft:white_bed":1,"minecraft:spruce_log":11,"alexsmobs:animal_dictionary":2,"biomesoplenty:glowflower":2,"vampirism:oil_bottle":4,"minecraft:iron_helmet":2,"minecraft:granite":4,"vampirism:vampire_orchid":1,"minecraft:oak_sapling":60,"minecraft:coal":156,"gobber2:gobber2_goo":3,"iceandfire:raw_silver":7},"minecraft:mined":{"minecraft:white_bed":1,"iceandfire:silver_ore":7,"minecraft:chiseled_bookshelf":1,"minecraft:granite":4,"biomesoplenty:bush":24,"minecraft:allium":2,"minecraft:grass_block":2,"vampirism:dark_spruce_log":26,"gobber2:gobber2_lucky_block":9,"vampirism:vampire_orchid":2,"minecraft:spruce_leaves":4,"minecraft:hay_block":11,"minecraft:furnace":1,"minecraft:iron_ore":46,"minecraft:fire":1,"minecraft:andesite":9,"biomesoplenty:magic_log":19,"biomesoplenty:glowflower":2,"minecraft:stone":139,"vampirism:dark_stone":1,"vampirism:cursed_spruce_log":11,"minecraft:soul_lantern":1,"minecraft:crafting_table":2,"minecraft:torch":1,"biomesoplenty:sprout":6,"minecraft:wall_torch":2,"minecraft:spruce_stairs":1,"graveyard:mossy_cobblestone_gravestone":1,"biomesoplenty:blue_hydrangea":1,"minecraft:birch_log":39,"vampirism:dark_spruce_leaves":4,"minecraft:spruce_log":11,"minecraft:birch_leaves":1,"biomesoplenty:fir_log":155,"minecraft:grass":43,"minecraft:oak_log":198,"minecraft:coal_ore":91,"minecraft:dirt":6,"minecraft:netherrack":1,"minecraft:oak_leaves":42,"minecraft:fern":2},"minecraft:broken":{"minecraft:iron_axe":1},"minecraft:custom":{"minecraft:interact_with_smithing_table":1,"minecraft:mob_kills":37,"minecraft:interact_with_crafting_table":22,"minecraft:open_barrel":1,"minecraft:time_since_death":802,"minecraft:climb_one_cm":2468,"minecraft:sprint_one_cm":415655,"minecraft:walk_one_cm":231224,"minecraft:drop":33,"minecraft:play_time":123226,"minecraft:deaths":6,"minecraft:sneak_time":368,"minecraft:walk_under_water_one_cm":1387,"minecraft:jump":2032,"minecraft:walk_on_water_one_cm":6117,"minecraft:total_world_time":123226,"minecraft:interact_with_furnace":28,"vampirism:interact_with_research_table":1,"minecraft:sleep_in_bed":3,"minecraft:time_since_rest":846,"minecraft:damage_taken":3184,"minecraft:damage_dealt":7158,"minecraft:swim_one_cm":22076,"minecraft:fly_one_cm":354579,"minecraft:open_chest":27,"minecraft:crouch_one_cm":1431,"minecraft:fall_one_cm":52355}},"DataVersion":3465}