{"stats":{"minecraft:crafted":{"minecraft:cooked_beef":0,"minecraft:cooked_porkchop":0,"minecraft:cooked_mutton":0,"minecraft:iron_ingot":0,"minecraft:torch":140},"minecraft:dropped":{"minecraft:iron_ingot":12,"minecraft:cobblestone":2,"gobber2:gobber2_gooey_beef":1,"graveyard:dark_iron_ingot":1,"minecraft:rotten_flesh":1,"minecraft:leather":5,"minecraft:granite":4,"minecraft:white_bed":1,"minecraft:dirt":1,"minecraft:stone_pickaxe":1,"minecraft:wooden_pickaxe":1,"minecraft:iron_pickaxe":4,"gobber2:gobber2_gooey_bread":1,"minecraft:bone":2},"minecraft:used":{"minecraft:cooked_mutton":4,"minecraft:stone_pickaxe":56,"gobber2:gobber2_gooey_bread":1,"minecraft:chest":2,"minecraft:wooden_pickaxe":9,"minecraft:iron_sword":59,"biomesoplenty:glowflower":2,"minecraft:torch":10,"minecraft:dirt":1,"minecraft:mutton":1,"minecraft:crafting_table":3,"minecraft:magenta_bed":1,"minecraft:white_bed":1,"minecraft:iron_axe":327,"minecraft:iron_pickaxe":114,"minecraft:cobblestone":9,"minecraft:oak_sapling":1,"minecraft:furnace":4,"minecraft:cooked_porkchop":3,"alexsmobs:animal_dictionary":1,"minecraft:cooked_beef":11},"minecraft:killed":{"minecraft:pig":1,"graveyard:ghoul":1,"vampirism:advanced_vampire":1,"graveyard:nightmare":1,"minecraft:spider":2,"minecraft:skeleton":3,"minecraft:sheep":6,"minecraft:zombie":4,"minecraft:llama":2,"alexsmobs:bison":3,"alexsmobs:fly":1,"minecraft:cow":4},"minecraft:picked_up":{"minecraft:birch_log":39,"minecraft:crafting_table":2,"minecraft:allium":1,"gobber2:gobber2_gooey_beefstew":1,"minecraft:leather":5,"alexsmobs:bison_fur":6,"minecraft:oak_log":194,"minecraft:string":2,"minecraft:dirt":9,"minecraft:lantern":1,"minecraft:iron_axe":1,"minecraft:bone":4,"minecraft:apple":12,"graveyard:corruption":4,"gobber2:gobber2_gooey_beef":3,"minecraft:wheat_seeds":8,"minecraft:beef":26,"biomesoplenty:magic_log":18,"minecraft:iron_pickaxe":4,"minecraft:birch_sapling":14,"gobber2:gobber2_gooey_bread":2,"minecraft:furnace":1,"minecraft:book":3,"biomesoplenty:magic_sapling":1,"minecraft:stick":42,"minecraft:raw_iron":27,"minecraft:torch":1,"vampirism:crucifix_normal":2,"minecraft:porkchop":3,"minecraft:white_bed":1,"minecraft:spruce_log":2,"biomesoplenty:glowflower":2,"minecraft:arrow":2,"minecraft:rotten_flesh":3,"minecraft:hay_block":11,"minecraft:granite":4,"minecraft:oak_sapling":59,"gobber2:gobber2_goo":3,"minecraft:mutton":8,"minecraft:coal":109,"iceandfire:raw_silver":7,"minecraft:white_wool":6,"minecraft:cobblestone":117},"minecraft:mined":{"minecraft:white_bed":1,"iceandfire:silver_ore":7,"minecraft:torch":1,"minecraft:crafting_table":2,"minecraft:granite":4,"minecraft:chiseled_bookshelf":1,"biomesoplenty:bush":22,"minecraft:allium":2,"minecraft:grass_block":2,"gobber2:gobber2_lucky_block":9,"biomesoplenty:sprout":5,"minecraft:hay_block":11,"minecraft:furnace":1,"minecraft:birch_log":39,"minecraft:iron_ore":22,"minecraft:spruce_log":3,"minecraft:andesite":9,"biomesoplenty:magic_log":18,"minecraft:grass":38,"minecraft:coal_ore":91,"minecraft:oak_log":198,"biomesoplenty:glowflower":2,"minecraft:dirt":6,"minecraft:stone":123,"minecraft:oak_leaves":42},"minecraft:broken":{"minecraft:iron_axe":1},"minecraft:custom":{"minecraft:interact_with_furnace":26,"minecraft:mob_kills":29,"vampirism:interact_with_research_table":1,"minecraft:interact_with_crafting_table":22,"minecraft:open_barrel":1,"minecraft:time_since_death":89176,"minecraft:sleep_in_bed":3,"minecraft:climb_one_cm":2468,"minecraft:time_since_rest":22812,"minecraft:sprint_one_cm":263171,"minecraft:damage_taken":1025,"minecraft:walk_one_cm":152213,"minecraft:drop":22,"minecraft:damage_dealt":4670,"minecraft:swim_one_cm":4782,"minecraft:fly_one_cm":160178,"minecraft:open_chest":16,"minecraft:crouch_one_cm":833,"minecraft:play_time":89176,"minecraft:sneak_time":221,"minecraft:walk_under_water_one_cm":638,"minecraft:jump":1045,"minecraft:walk_on_water_one_cm":1739,"minecraft:total_world_time":89176,"minecraft:fall_one_cm":19894}},"DataVersion":3465}