{"stats":{"minecraft:picked_up":{"iceandfire:dragon_skull_lightning":1,"minecraft:gold_block":1,"biomesoplenty:violet":2,"alexsmobs:gazelle_horn":1,"minecraft:deepslate_tiles":1,"minecraft:gold_nugget":12,"biomesoplenty:black_sand":9,"minecraft:cobbled_deepslate":4,"minecraft:beef":2,"alexsmobs:raccoon_tail":1,"minecraft:melon_slice":5,"minecraft:birch_sapling":1,"minecraft:furnace":1,"minecraft:egg":3,"iceandfire:dragonbone":18,"minecraft:dark_oak_sapling":1,"minecraft:raw_iron":40,"minecraft:brown_terracotta":1,"minecraft:torch":13,"minecraft:porkchop":4,"minecraft:diorite":2,"gobber2:gobber2_foo":2,"minecraft:rotten_flesh":3,"minecraft:hay_block":11,"minecraft:iron_block":2,"minecraft:white_terracotta":1,"minecraft:mutton":9,"minecraft:cobblestone":189,"minecraft:white_wool":14,"minecraft:jungle_log":6,"minecraft:salmon":2,"minecraft:leather":13,"gobber2:gobber2_gooey_beefstew":1,"minecraft:potato":26,"minecraft:oak_log":10,"minecraft:dirt":19,"minecraft:lapis_lazuli":7,"minecraft:blue_bed":1,"minecraft:bone":2,"minecraft:apple":1,"minecraft:stone_bricks":1,"gobber2:gobber2_gooey_beef":6,"minecraft:wheat_seeds":15,"vampirism:altar_pillar":4,"minecraft:raw_gold":1,"vampirism:bloody_dark_stone_bricks":1,"minecraft:oak_planks":6,"gobber2:gobber2_gooey_bread":11,"minecraft:gravel":2,"minecraft:sand":19,"minecraft:light_gray_terracotta":3,"vampirism:altar_tip":4,"vampirism:dark_stone_bricks":1,"minecraft:oak_sapling":1,"minecraft:coal":69,"gobber2:gobber2_goo":4,"iceandfire:raw_silver":6},"minecraft:killed_by":{"vampirism:advanced_vampire":1,"iceandfire:lightning_dragon":1,"minecraft:zombie":1,"iceandfire:ghost":2},"minecraft:killed":{"alexsmobs:raccoon":2,"minecraft:spider":1,"minecraft:skeleton":1,"alexsmobs:leafcutter_ant":1,"minecraft:chicken":2,"minecraft:salmon":2,"minecraft:sheep":1,"minecraft:zombie":4,"iceandfire:ghost":2,"minecraft:cow":1},"minecraft:custom":{"minecraft:mob_kills":69,"minecraft:interact_with_crafting_table":20,"minecraft:open_barrel":7,"minecraft:damage_dealt_resisted":12,"minecraft:leave_game":2,"minecraft:time_since_death":108180,"minecraft:climb_one_cm":7659,"vampirism:amount_bitten":136,"minecraft:sprint_one_cm":846421,"minecraft:walk_one_cm":345929,"vampirism:interact_with_totem":2,"minecraft:drop":34,"vampirism:skills_unlocked":3,"minecraft:talked_to_villager":1,"minecraft:play_time":252222,"minecraft:deaths":10,"minecraft:sneak_time":6197,"minecraft:walk_under_water_one_cm":21323,"minecraft:jump":4281,"minecraft:walk_on_water_one_cm":39936,"minecraft:total_world_time":252222,"vampirism:blood_drunk":48900,"vampirism:interact_with_injection_chair":3,"minecraft:interact_with_furnace":24,"vampirism:interact_with_garlic_diffuser":1,"minecraft:sleep_in_bed":1,"minecraft:time_since_rest":107718,"minecraft:damage_taken":103370,"minecraft:trigger_trapped_chest":2,"minecraft:damage_dealt":2658,"minecraft:swim_one_cm":49044,"minecraft:fly_one_cm":892558,"minecraft:open_chest":40,"minecraft:crouch_one_cm":15586,"tombstone:undead_killed":7,"minecraft:fall_one_cm":113709},"minecraft:dropped":{"minecraft:porkchop":1,"minecraft:wheat_seeds":15,"minecraft:glass_bottle":1,"minecraft:dark_oak_sapling":1,"biomesoplenty:black_sand":9,"iceandfire:ectoplasm":1,"minecraft:stick":3,"minecraft:dirt":3,"minecraft:torch":18,"minecraft:mutton":7,"minecraft:white_wool":2,"vampirism:garlic_bread":2,"alexsmobs:gazelle_horn":1,"minecraft:light_gray_terracotta":2,"minecraft:rotten_flesh":2,"minecraft:oak_planks":8,"minecraft:shield":1,"minecraft:iron_chestplate":1,"minecraft:leather_boots":1,"minecraft:raw_gold":1,"minecraft:beef":2},"minecraft:used":{"gobber2:gobber2_goo":1,"gobber2:gobber2_gooey_bread":25,"minecraft:white_terracotta":1,"minecraft:iron_sword":47,"minecraft:cooked_salmon":11,"minecraft:rotten_flesh":1,"minecraft:iron_chestplate":2,"minecraft:torch":117,"minecraft:dirt":14,"minecraft:mutton":2,"minecraft:carrot":2,"minecraft:brown_terracotta":1,"minecraft:birch_sapling":1,"vampirism:bloody_dark_stone_bricks":1,"gobber2:gobber2_gooey_beef":5,"minecraft:furnace":3,"minecraft:oak_sapling":1,"tombstone:gift":2,"minecraft:egg":3,"minecraft:cooked_beef":1,"minecraft:potato":20,"minecraft:glass_bottle":1,"minecraft:stone_pickaxe":149,"minecraft:baked_potato":9,"minecraft:wooden_pickaxe":14,"minecraft:salmon":2,"minecraft:white_wool":1,"minecraft:crafting_table":10,"minecraft:light_gray_terracotta":1,"minecraft:deepslate_tiles":1,"minecraft:wooden_hoe":23,"minecraft:apple":2,"minecraft:bread":28,"minecraft:melon_slice":5,"minecraft:iron_pickaxe":244,"tombstone:grave_key":1,"minecraft:gravel":2,"vampirism:dark_stone_bricks":1,"minecraft:cobblestone":26,"minecraft:potion":1,"minecraft:chainmail_boots":1,"minecraft:porkchop":3},"minecraft:crafted":{"minecraft:oak_planks":12,"minecraft:furnace":2,"minecraft:glass":0,"minecraft:stone_pickaxe":2,"minecraft:wheat":99,"minecraft:crafting_table":5,"minecraft:wooden_pickaxe":1,"minecraft:baked_potato":9,"gobber2:gobber2_gooey_bread":24,"minecraft:bread":33,"minecraft:air":0,"minecraft:jungle_planks":20,"minecraft:wooden_hoe":1,"minecraft:iron_chestplate":1,"minecraft:shield":1,"minecraft:stick":16,"minecraft:iron_ingot":14,"minecraft:iron_pickaxe":1,"minecraft:torch":104},"minecraft:mined":{"vampirism:dark_stone_bricks":4,"minecraft:deepslate_tiles":1,"biomesoplenty:mossy_black_sand":1,"iceandfire:silver_ore":6,"minecraft:sculk_vein":2,"alexsmobs:leafcutter_anthill":2,"vampirism:altar_pillar":4,"biomesoplenty:bush":6,"minecraft:grass_block":7,"minecraft:jungle_log":6,"gobber2:gobber2_lucky_block":20,"minecraft:hay_block":11,"minecraft:furnace":1,"minecraft:sculk_catalyst":2,"minecraft:iron_ore":29,"minecraft:fire":1,"biomesoplenty:lavender":1,"biomesoplenty:violet":2,"minecraft:deepslate_lapis_ore":1,"minecraft:potatoes":7,"minecraft:vine":2,"minecraft:deepslate_iron_ore":11,"minecraft:stone":197,"biomesoplenty:black_sand":3,"minecraft:light_gray_terracotta":2,"minecraft:melon":1,"minecraft:sculk_sensor":9,"biomesoplenty:high_grass_plant":3,"minecraft:tall_grass":1,"biomesoplenty:sprout":2,"minecraft:sculk":13,"minecraft:diorite":2,"minecraft:blue_bed":1,"minecraft:wall_torch":1,"minecraft:white_terracotta":1,"vampirism:bloody_dark_stone_bricks":1,"minecraft:lilac":1,"minecraft:birch_leaves":8,"gobber2:gobber2_lucky_block_deepslate":5,"minecraft:grass":29,"biomesoplenty:clover":3,"minecraft:coal_ore":72,"minecraft:oak_log":8,"minecraft:gravel":2,"minecraft:sand":19,"minecraft:dirt":5,"minecraft:brown_terracotta":1,"minecraft:gold_ore":1,"minecraft:oak_leaves":106,"minecraft:fern":10,"minecraft:deepslate":4,"vampirism:altar_tip":4},"minecraft:broken":{"minecraft:stone_pickaxe":1,"minecraft:iron_pickaxe":1}},"DataVersion":3465}