{"stats":{"minecraft:crafted":{"minecraft:cooked_beef":1,"minecraft:oak_planks":4,"minecraft:cooked_porkchop":4,"minecraft:crafting_table":4,"minecraft:iron_helmet":3,"vampirism:cursed_spruce_planks":40,"minecraft:cooked_mutton":4,"minecraft:air":0,"minecraft:iron_boots":1,"minecraft:iron_chestplate":1,"minecraft:iron_axe":1,"minecraft:iron_ingot":15,"minecraft:stone_pickaxe":1,"minecraft:iron_leggings":1},"minecraft:dropped":{"gobber2:gobber2_foo":1,"vampirism:obi_belt":1,"vampirism:vampire_orchid":2,"minecraft:soul_lantern":1,"alexsmobs:bison_fur":6,"minecraft:stick":6,"minecraft:dirt":1,"minecraft:oak_sapling":3,"minecraft:arrow":1,"minecraft:bow":3,"minecraft:iron_pickaxe":2,"vampirism:garlic_bread":2,"minecraft:stone_brick_slab":1,"minecraft:egg":1},"minecraft:used":{"minecraft:cooked_mutton":5,"minecraft:stone_pickaxe":19,"minecraft:oak_planks":1,"minecraft:wooden_pickaxe":4,"minecraft:iron_sword":91,"vampirism:item_alchemical_fire":2,"minecraft:leather_boots":1,"minecraft:iron_chestplate":3,"minecraft:mossy_cobblestone":1,"minecraft:spyglass":11,"minecraft:crafting_table":6,"minecraft:white_bed":1,"minecraft:apple":2,"minecraft:iron_axe":1,"minecraft:bread":2,"minecraft:iron_pickaxe":108,"minecraft:iron_helmet":3,"minecraft:iron_boots":2,"gobber2:gobber2_gooey_beef":4,"graveyard:mossy_cobblestone_gravestone":1,"minecraft:bow":4,"minecraft:furnace":3,"minecraft:cooked_porkchop":8,"minecraft:iron_leggings":1,"vampirism:vampire_orchid":1,"minecraft:egg":1,"minecraft:cooked_beef":1},"minecraft:killed_by":{"iceandfire:cyclops":1,"iceandfire:ghost":1,"iceandfire:fire_dragon":2},"minecraft:killed":{"vampirism:vampire":1,"minecraft:pig":5,"vampirism:advanced_vampire":1,"minecraft:zombie_villager":1,"minecraft:sheep":3,"minecraft:skeleton":4,"minecraft:zombie":4,"minecraft:llama":1,"minecraft:cow":3},"minecraft:picked_up":{"minecraft:iron_chestplate":4,"minecraft:crafting_table":3,"vampirism:vampire_blood_bottle":5,"minecraft:lilac":1,"vampirism:dark_spruce_log":52,"gobber2:gobber2_gooey_beefstew":6,"minecraft:leather":16,"graveyard:dark_iron_ingot":5,"minecraft:gold_block":5,"alexsmobs:bison_fur":6,"minecraft:oak_log":7,"minecraft:gunpowder":4,"minecraft:dirt":20,"minecraft:iron_axe":1,"minecraft:cooked_mutton":2,"minecraft:iron_leggings":3,"minecraft:leather_boots":3,"minecraft:bone":8,"minecraft:apple":44,"vampirism:obi_belt":5,"graveyard:corruption":6,"minecraft:bow":3,"gobber2:gobber2_gooey_beef":8,"minecraft:wheat_seeds":3,"minecraft:stone_pickaxe":1,"minecraft:beef":5,"minecraft:iron_ingot":45,"vampirism:garlic_bread":4,"minecraft:iron_pickaxe":5,"minecraft:enchanted_golden_apple":1,"minecraft:iron_boots":1,"minecraft:iron_sword":3,"minecraft:birch_sapling":1,"gobber2:gobber2_gooey_bread":6,"minecraft:egg":3,"vampirism:potion_table":2,"minecraft:furnace":6,"minecraft:book":13,"minecraft:raw_iron":153,"minecraft:stick":11,"vampirism:cursed_spruce_log":33,"minecraft:cooked_porkchop":2,"minecraft:stone_brick_slab":1,"minecraft:torch":290,"minecraft:spyglass":1,"vampirism:crucifix_normal":6,"minecraft:porkchop":14,"vampirism:alchemical_cauldron":4,"minecraft:spruce_sapling":3,"graveyard:mossy_cobblestone_gravestone":1,"vampirism:vampire_fang":1,"minecraft:white_bed":1,"minecraft:spruce_log":31,"minecraft:mossy_cobblestone":1,"minecraft:mossy_stone_brick_slab":1,"alexsmobs:animal_dictionary":3,"gobber2:gobber2_foo":6,"vampirism:blood_bottle":4,"minecraft:arrow":18,"minecraft:rotten_flesh":2,"minecraft:soul_lantern":1,"minecraft:iron_helmet":1,"minecraft:blaze_rod":15,"minecraft:bread":3,"vampirism:item_alchemical_fire":18,"vampirism:vampire_orchid":3,"minecraft:oak_sapling":119,"gobber2:gobber2_goo":4,"minecraft:mutton":4,"minecraft:coal":94,"iceandfire:raw_silver":8,"minecraft:white_wool":16,"minecraft:cobblestone":75},"minecraft:mined":{"iceandfire:silver_ore":2,"minecraft:mossy_cobblestone":1,"minecraft:mossy_stone_brick_slab":1,"minecraft:stone_brick_slab":1,"minecraft:crafting_table":3,"biomesoplenty:bush":14,"minecraft:grass_block":1,"gobber2:gobber2_lucky_block":7,"vampirism:alchemical_cauldron":1,"biomesoplenty:flowering_oak_leaves":1,"minecraft:cobblestone":2,"vampirism:potion_table":1,"minecraft:furnace":3,"minecraft:fire":1,"minecraft:iron_ore":37,"minecraft:grass":2,"minecraft:coal_ore":57,"minecraft:oak_log":3,"minecraft:stone":9,"minecraft:fern":1,"minecraft:oak_leaves":7},"minecraft:custom":{"minecraft:interact_with_furnace":30,"minecraft:mob_kills":24,"minecraft:interact_with_cartography_table":1,"minecraft:interact_with_crafting_table":25,"minecraft:open_barrel":6,"minecraft:leave_game":3,"minecraft:time_since_death":5171,"minecraft:sleep_in_bed":1,"minecraft:climb_one_cm":2250,"vampirism:interact_alchemical_cauldron":2,"minecraft:time_since_rest":5219,"minecraft:sprint_one_cm":286660,"minecraft:damage_taken":2287,"minecraft:walk_one_cm":247151,"minecraft:drop":21,"minecraft:damage_dealt":5213,"minecraft:swim_one_cm":4664,"minecraft:fly_one_cm":421443,"minecraft:open_chest":11,"minecraft:crouch_one_cm":2745,"minecraft:play_time":94354,"minecraft:deaths":4,"minecraft:sneak_time":1431,"minecraft:walk_under_water_one_cm":370,"minecraft:interact_with_lectern":1,"minecraft:jump":1918,"minecraft:walk_on_water_one_cm":2183,"minecraft:total_world_time":94354,"minecraft:fall_one_cm":205785}},"DataVersion":3465}