{"stats":{"minecraft:crafted":{"minecraft:oak_planks":4,"minecraft:iron_chestplate":1,"minecraft:cooked_porkchop":4,"minecraft:iron_axe":1,"minecraft:crafting_table":1,"minecraft:iron_ingot":5,"minecraft:stone_pickaxe":1,"minecraft:air":0,"minecraft:cooked_mutton":4},"minecraft:dropped":{"minecraft:iron_pickaxe":2,"minecraft:stick":2,"minecraft:egg":1},"minecraft:used":{"minecraft:cooked_mutton":4,"minecraft:apple":1,"minecraft:oak_planks":1,"minecraft:stone_pickaxe":19,"minecraft:iron_pickaxe":9,"minecraft:wooden_pickaxe":4,"minecraft:iron_sword":40,"minecraft:iron_chestplate":1,"minecraft:bow":2,"minecraft:crafting_table":1,"minecraft:furnace":1,"minecraft:cooked_porkchop":1,"minecraft:egg":1},"minecraft:picked_up":{"minecraft:stick":6,"minecraft:raw_iron":9,"minecraft:cooked_porkchop":2,"minecraft:leather":1,"minecraft:porkchop":12,"minecraft:oak_log":5,"minecraft:bone":3,"minecraft:arrow":4,"minecraft:rotten_flesh":2,"minecraft:apple":3,"minecraft:bow":1,"gobber2:gobber2_gooey_beef":1,"minecraft:iron_ingot":12,"minecraft:beef":3,"minecraft:birch_sapling":1,"minecraft:iron_pickaxe":2,"minecraft:furnace":2,"minecraft:cobblestone":12,"minecraft:oak_sapling":3,"minecraft:mutton":4,"minecraft:coal":26,"minecraft:white_wool":2,"iceandfire:raw_silver":2,"minecraft:egg":2},"minecraft:killed":{"minecraft:skeleton":3,"minecraft:sheep":2,"minecraft:zombie":2,"minecraft:pig":5,"minecraft:zombie_villager":1,"minecraft:cow":1},"minecraft:mined":{"minecraft:furnace":2,"iceandfire:silver_ore":2,"minecraft:iron_ore":10,"minecraft:grass":1,"biomesoplenty:bush":14,"minecraft:oak_log":3,"minecraft:coal_ore":4,"minecraft:cobblestone":2,"minecraft:stone":7,"minecraft:oak_leaves":7},"minecraft:custom":{"minecraft:time_since_rest":36304,"minecraft:interact_with_furnace":15,"minecraft:sprint_one_cm":76441,"minecraft:damage_taken":230,"minecraft:walk_one_cm":90413,"minecraft:mob_kills":14,"minecraft:drop":5,"minecraft:damage_dealt":1905,"minecraft:interact_with_crafting_table":17,"minecraft:fly_one_cm":96901,"minecraft:open_chest":4,"minecraft:crouch_one_cm":1295,"minecraft:play_time":36304,"minecraft:sneak_time":705,"minecraft:jump":455,"minecraft:leave_game":2,"minecraft:time_since_death":36304,"minecraft:total_world_time":36304,"minecraft:fall_one_cm":44104}},"DataVersion":3465}