{"stats":{"minecraft:crafted":{"minecraft:oak_planks":4,"minecraft:cooked_porkchop":4,"minecraft:crafting_table":1,"minecraft:cooked_mutton":4,"minecraft:air":0,"minecraft:iron_chestplate":1,"minecraft:iron_axe":1,"minecraft:iron_ingot":5,"minecraft:stone_pickaxe":1},"minecraft:dropped":{"gobber2:gobber2_foo":1,"minecraft:stick":5,"minecraft:dirt":1,"minecraft:oak_sapling":3,"minecraft:iron_pickaxe":2,"minecraft:egg":1},"minecraft:used":{"minecraft:cooked_mutton":4,"minecraft:stone_pickaxe":19,"minecraft:oak_planks":1,"minecraft:wooden_pickaxe":4,"minecraft:iron_sword":46,"minecraft:iron_chestplate":1,"minecraft:spyglass":1,"minecraft:crafting_table":2,"minecraft:white_bed":1,"minecraft:apple":1,"minecraft:iron_axe":1,"minecraft:iron_pickaxe":27,"minecraft:bow":2,"minecraft:furnace":1,"minecraft:cooked_porkchop":4,"minecraft:egg":1},"minecraft:killed":{"minecraft:pig":5,"minecraft:zombie_villager":1,"minecraft:sheep":3,"minecraft:skeleton":3,"minecraft:zombie":2,"minecraft:cow":1},"minecraft:picked_up":{"minecraft:crafting_table":1,"gobber2:gobber2_gooey_beefstew":1,"minecraft:leather":1,"graveyard:dark_iron_ingot":1,"minecraft:oak_log":5,"minecraft:dirt":20,"minecraft:bone":3,"minecraft:apple":3,"minecraft:bow":1,"gobber2:gobber2_gooey_beef":2,"minecraft:beef":3,"minecraft:iron_ingot":12,"minecraft:iron_pickaxe":2,"minecraft:birch_sapling":1,"gobber2:gobber2_gooey_bread":2,"minecraft:egg":2,"vampirism:potion_table":1,"minecraft:furnace":2,"minecraft:raw_iron":9,"minecraft:stick":6,"minecraft:cooked_porkchop":2,"minecraft:porkchop":12,"vampirism:alchemical_cauldron":1,"minecraft:white_bed":1,"gobber2:gobber2_foo":2,"minecraft:arrow":4,"minecraft:rotten_flesh":2,"minecraft:oak_sapling":3,"gobber2:gobber2_goo":2,"minecraft:mutton":4,"minecraft:coal":34,"iceandfire:raw_silver":2,"minecraft:white_wool":3,"minecraft:cobblestone":13},"minecraft:mined":{"iceandfire:silver_ore":2,"minecraft:crafting_table":1,"biomesoplenty:bush":14,"minecraft:grass_block":1,"gobber2:gobber2_lucky_block":7,"vampirism:alchemical_cauldron":1,"minecraft:cobblestone":2,"vampirism:potion_table":1,"minecraft:furnace":2,"minecraft:iron_ore":10,"minecraft:grass":1,"minecraft:coal_ore":12,"minecraft:oak_log":3,"minecraft:stone":8,"minecraft:oak_leaves":7},"minecraft:custom":{"minecraft:interact_with_furnace":17,"minecraft:mob_kills":15,"minecraft:interact_with_cartography_table":1,"minecraft:interact_with_crafting_table":17,"minecraft:open_barrel":6,"minecraft:leave_game":2,"minecraft:time_since_death":48304,"minecraft:sleep_in_bed":1,"minecraft:climb_one_cm":2250,"vampirism:interact_alchemical_cauldron":2,"minecraft:time_since_rest":10812,"minecraft:sprint_one_cm":109208,"minecraft:damage_taken":512,"minecraft:walk_one_cm":122997,"minecraft:drop":9,"minecraft:damage_dealt":2382,"minecraft:fly_one_cm":155472,"minecraft:open_chest":10,"minecraft:crouch_one_cm":2095,"minecraft:play_time":48304,"minecraft:sneak_time":1016,"minecraft:interact_with_lectern":1,"minecraft:jump":662,"minecraft:walk_on_water_one_cm":785,"minecraft:total_world_time":48304,"minecraft:fall_one_cm":76955}},"DataVersion":3465}