{"stats":{"minecraft:picked_up":{"iceandfire:dragon_skull_lightning":1,"minecraft:iron_chestplate":5,"minecraft:crafting_table":4,"minecraft:wheat":1,"minecraft:allium":5,"vampirism:dark_spruce_log":52,"graveyard:dark_iron_ingot":5,"minecraft:gold_block":10,"minecraft:string":3,"minecraft:iron_axe":2,"minecraft:iron_leggings":3,"vampirism:obi_belt":5,"graveyard:corruption":8,"vampirism:cursed_spruce_planks":17,"minecraft:beef":13,"vampirism:garlic_bread":4,"minecraft:cobblestone_slab":1,"minecraft:iron_pickaxe":6,"biomesoplenty:redwood_wood":126,"alexsmobs:raccoon_tail":1,"minecraft:enchanted_golden_apple":1,"minecraft:birch_sapling":10,"minecraft:furnace":7,"minecraft:iron_boots":1,"minecraft:egg":5,"iceandfire:dragonbone":24,"minecraft:stick":40,"minecraft:raw_iron":195,"minecraft:oak_door":2,"minecraft:oak_fence":5,"minecraft:torch":299,"minecraft:porkchop":21,"vampirism:alchemical_cauldron":4,"tombstone:grave_dust":2,"vampirism:vampire_fang":3,"vampirism:amulet":1,"travelersbackpack:iron":1,"gobber2:gobber2_foo":6,"vampirism:blood_bottle":17,"minecraft:arrow":18,"minecraft:rotten_flesh":9,"minecraft:blaze_rod":15,"vampirism:item_alchemical_fire":18,"minecraft:mutton":11,"minecraft:white_wool":21,"minecraft:cobblestone":76,"minecraft:stripped_oak_log":25,"minecraft:birch_log":45,"minecraft:pink_petals":21,"biomesoplenty:white_sand":21,"vampirism:vampire_blood_bottle":5,"minecraft:lilac":2,"minecraft:andesite":8,"gobber2:gobber2_gooey_beefstew":6,"minecraft:leather":25,"minecraft:potato":1,"alexsmobs:bison_fur":6,"minecraft:oak_log":164,"iceandfire:ectoplasm":1,"minecraft:gunpowder":5,"minecraft:dirt":47,"tombstone:gift":1,"minecraft:cooked_mutton":2,"minecraft:leather_boots":3,"minecraft:glass":21,"minecraft:bone":8,"minecraft:apple":49,"minecraft:kelp":6,"minecraft:bow":4,"gobber2:gobber2_gooey_beef":8,"minecraft:wheat_seeds":16,"vampirism:bloody_dark_stone_bricks":1,"minecraft:iron_ingot":45,"minecraft:stone_pickaxe":1,"minecraft:cooked_chicken":1,"minecraft:mossy_stone_bricks":1,"minecraft:iron_sword":4,"minecraft:oak_planks":197,"gobber2:gobber2_gooey_bread":6,"vampirism:potion_table":2,"minecraft:book":13,"vampirism:cursed_spruce_log":33,"minecraft:cooked_porkchop":3,"minecraft:stone_brick_slab":1,"vampirism:ring":3,"minecraft:spyglass":1,"minecraft:sand":32,"vampirism:crucifix_normal":7,"minecraft:spruce_sapling":7,"graveyard:mossy_cobblestone_gravestone":1,"vampirism:heart_seeker_ultimate":1,"minecraft:white_bed":1,"minecraft:spruce_log":78,"minecraft:mossy_stone_brick_slab":1,"minecraft:spider_eye":1,"alexsmobs:animal_dictionary":3,"minecraft:mossy_cobblestone":1,"travelersbackpack:standard":1,"minecraft:soul_lantern":1,"minecraft:iron_helmet":2,"minecraft:bread":6,"alexsmobs:maggot":2,"vampirism:vampire_orchid":3,"minecraft:oak_sapling":141,"gobber2:gobber2_goo":4,"minecraft:coal":98,"iceandfire:raw_silver":8},"minecraft:killed_by":{"iceandfire:cyclops":1,"iceandfire:ghost":1,"iceandfire:fire_dragon":2},"minecraft:killed":{"vampirism:vampire":2,"minecraft:cave_spider":1,"minecraft:witch":1,"vampirism:advanced_vampire":1,"minecraft:spider":2,"minecraft:skeleton":5,"minecraft:horse":2,"minecraft:bee":1,"minecraft:llama":1,"minecraft:pig":8,"graveyard:ghoul":2,"minecraft:zombie_villager":6,"minecraft:sheep":4,"minecraft:zombie":9,"iceandfire:ghost":2,"alexsmobs:fly":1,"minecraft:cow":7},"minecraft:custom":{"minecraft:mob_kills":58,"minecraft:interact_with_crafting_table":60,"minecraft:open_barrel":6,"minecraft:leave_game":9,"minecraft:time_since_death":202603,"minecraft:climb_one_cm":2250,"vampirism:interact_alchemical_cauldron":2,"vampirism:amount_bitten":212,"minecraft:sprint_one_cm":791226,"minecraft:walk_one_cm":787909,"vampirism:interact_with_totem":1,"minecraft:drop":47,"vampirism:skills_unlocked":1,"minecraft:play_time":291786,"minecraft:deaths":4,"minecraft:sneak_time":7194,"minecraft:walk_under_water_one_cm":21383,"minecraft:interact_with_lectern":1,"tombstone:tomb_raiding":3,"minecraft:jump":5011,"minecraft:walk_on_water_one_cm":16678,"minecraft:total_world_time":291786,"vampirism:blood_drunk":22500,"minecraft:interact_with_furnace":91,"tombstone:raider_killed":1,"minecraft:interact_with_cartography_table":1,"minecraft:sleep_in_bed":11,"minecraft:time_since_rest":92046,"minecraft:damage_taken":4066,"tombstone:sneak_grave":1,"minecraft:damage_dealt":12524,"minecraft:player_kills":6,"minecraft:swim_one_cm":28955,"minecraft:fly_one_cm":1148836,"minecraft:open_chest":112,"minecraft:crouch_one_cm":14190,"tombstone:undead_killed":15,"minecraft:fall_one_cm":552731},"minecraft:dropped":{"minecraft:bread":6,"minecraft:iron_sword":2,"minecraft:wheat_seeds":1,"gobber2:gobber2_foo":1,"minecraft:cobblestone":1,"travelersbackpack:standard":1,"alexsmobs:bison_fur":6,"minecraft:stick":6,"minecraft:dirt":1,"vampirism:bloody_dark_stone_bricks":1,"tombstone:grave_dust":2,"minecraft:iron_pickaxe":3,"minecraft:iron_shovel":1,"vampirism:garlic_bread":2,"minecraft:stone_brick_slab":1,"minecraft:oak_door":1,"minecraft:cooked_chicken":1,"vampirism:obi_belt":1,"vampirism:vampire_orchid":2,"minecraft:soul_lantern":1,"minecraft:oak_planks":20,"vampirism:blood_bottle":1,"vampirism:heart_seeker_ultimate":1,"minecraft:allium":2,"minecraft:oak_sapling":3,"vampirism:crucifix_normal":1,"minecraft:arrow":2,"minecraft:bow":3,"minecraft:egg":1},"minecraft:used":{"minecraft:oak_fence":27,"minecraft:iron_shovel":52,"vampirism:cursed_spruce_planks":19,"minecraft:chest":1,"minecraft:iron_sword":170,"vampirism:item_alchemical_fire":5,"minecraft:oak_door":3,"minecraft:iron_chestplate":3,"minecraft:torch":29,"minecraft:spyglass":11,"minecraft:dirt":26,"travelersbackpack:iron":4,"minecraft:wooden_axe":59,"minecraft:iron_axe":415,"minecraft:iron_helmet":4,"minecraft:iron_boots":3,"gobber2:gobber2_gooey_beef":4,"minecraft:bow":4,"graveyard:mossy_cobblestone_gravestone":1,"minecraft:furnace":4,"minecraft:egg":4,"minecraft:cooked_beef":4,"minecraft:iron_leggings":1,"minecraft:cooked_mutton":14,"minecraft:stone_pickaxe":19,"minecraft:oak_planks":401,"minecraft:wooden_pickaxe":4,"minecraft:cobblestone_slab":7,"minecraft:leather_boots":1,"minecraft:mossy_cobblestone":1,"minecraft:crafting_table":9,"minecraft:white_bed":1,"minecraft:oak_log":100,"minecraft:apple":3,"minecraft:iron_pickaxe":141,"minecraft:bread":5,"minecraft:spruce_sapling":1,"minecraft:stone_axe":7,"vampirism:heart_seeker_ultimate":74,"minecraft:cooked_porkchop":8,"minecraft:andesite":4,"alexsmobs:animal_dictionary":1,"vampirism:vampire_orchid":1},"minecraft:crafted":{"minecraft:oak_door":6,"minecraft:oak_planks":654,"vampirism:cursed_spruce_planks":40,"minecraft:cooked_mutton":11,"minecraft:glass":32,"travelersbackpack:white_sleeping_bag":1,"minecraft:iron_boots":2,"minecraft:iron_axe":1,"useful_vampires:magenta_umbrella":1,"minecraft:stone_pickaxe":1,"minecraft:chest":1,"minecraft:oak_fence":42,"minecraft:cooked_beef":9,"minecraft:glass_bottle":15,"minecraft:cooked_porkchop":11,"minecraft:crafting_table":5,"minecraft:spruce_planks":6,"travelersbackpack:backpack_tank":4,"minecraft:iron_helmet":3,"minecraft:iron_sword":1,"minecraft:stone_axe":1,"minecraft:air":0,"minecraft:iron_chestplate":1,"minecraft:stick":4,"minecraft:iron_ingot":36,"minecraft:wooden_axe":1,"minecraft:iron_shovel":1,"minecraft:iron_leggings":1,"minecraft:magenta_carpet":3},"minecraft:mined":{"vampirism:cursed_spruce_planks":17,"minecraft:white_bed":1,"iceandfire:silver_ore":2,"minecraft:mossy_cobblestone":1,"minecraft:oak_door":1,"minecraft:mossy_stone_brick_slab":1,"biomesoplenty:bush":34,"minecraft:allium":4,"minecraft:grass_block":25,"biomesoplenty:flowering_oak_leaves":1,"gobber2:gobber2_lucky_block":7,"minecraft:spruce_leaves":70,"travelersbackpack:iron":1,"vampirism:potion_table":1,"minecraft:furnace":4,"minecraft:iron_ore":57,"minecraft:fire":1,"minecraft:cobblestone_slab":1,"biomesoplenty:webbing":2,"minecraft:stripped_oak_log":25,"biomesoplenty:barley":1,"minecraft:stone":9,"biomesoplenty:spider_egg":1,"minecraft:kelp_plant":1,"minecraft:stone_brick_slab":1,"minecraft:powder_snow":1,"minecraft:oak_fence":5,"minecraft:crafting_table":4,"vampirism:alchemical_cauldron":1,"minecraft:cobblestone":2,"biomesoplenty:sprout":1,"minecraft:oak_planks":175,"minecraft:wall_torch":1,"minecraft:pink_petals":1,"minecraft:birch_log":45,"minecraft:magenta_bed":3,"minecraft:lilac":1,"minecraft:spruce_log":49,"minecraft:grass":42,"minecraft:oak_log":161,"minecraft:coal_ore":61,"minecraft:sand":37,"minecraft:dirt":3,"biomesoplenty:stringy_cobweb":1,"minecraft:stone_bricks":1,"minecraft:mossy_stone_bricks":1,"minecraft:oak_leaves":62,"minecraft:fern":1},"minecraft:broken":{"minecraft:iron_chestplate":1,"minecraft:iron_axe":2,"minecraft:wooden_axe":1}},"DataVersion":3465}