{"stats":{"minecraft:crafted":{"minecraft:oak_planks":4,"minecraft:cooked_porkchop":4,"minecraft:crafting_table":1,"minecraft:iron_ingot":5,"minecraft:stone_pickaxe":1,"minecraft:air":0,"minecraft:cooked_mutton":4},"minecraft:dropped":{"minecraft:iron_pickaxe":2,"minecraft:stick":2,"minecraft:egg":1},"minecraft:used":{"minecraft:cooked_mutton":3,"minecraft:apple":1,"minecraft:oak_planks":1,"minecraft:stone_pickaxe":19,"minecraft:iron_pickaxe":7,"minecraft:wooden_pickaxe":4,"minecraft:iron_sword":31,"minecraft:bow":2,"minecraft:crafting_table":1,"minecraft:furnace":1,"minecraft:egg":1},"minecraft:picked_up":{"minecraft:stick":5,"minecraft:raw_iron":9,"minecraft:cooked_porkchop":2,"minecraft:leather":1,"minecraft:porkchop":12,"minecraft:oak_log":5,"minecraft:bone":3,"minecraft:arrow":3,"minecraft:apple":3,"minecraft:bow":1,"gobber2:gobber2_gooey_beef":1,"minecraft:beef":3,"minecraft:oak_sapling":3,"minecraft:iron_pickaxe":2,"minecraft:furnace":2,"minecraft:cobblestone":8,"minecraft:white_wool":2,"minecraft:mutton":4,"minecraft:coal":26,"iceandfire:raw_silver":2,"minecraft:egg":2},"minecraft:killed":{"minecraft:skeleton":3,"minecraft:sheep":2,"minecraft:pig":5,"minecraft:cow":1},"minecraft:mined":{"minecraft:furnace":2,"iceandfire:silver_ore":2,"minecraft:iron_ore":10,"minecraft:grass":1,"biomesoplenty:bush":13,"minecraft:oak_log":3,"minecraft:coal_ore":4,"minecraft:stone":7,"minecraft:oak_leaves":6},"minecraft:custom":{"minecraft:time_since_rest":30478,"minecraft:interact_with_furnace":10,"minecraft:sprint_one_cm":54420,"minecraft:damage_taken":210,"minecraft:walk_one_cm":65860,"minecraft:mob_kills":11,"minecraft:drop":5,"minecraft:damage_dealt":1483,"minecraft:interact_with_crafting_table":14,"minecraft:fly_one_cm":77644,"minecraft:crouch_one_cm":1165,"minecraft:play_time":30478,"minecraft:sneak_time":572,"minecraft:jump":382,"minecraft:leave_game":2,"minecraft:time_since_death":30478,"minecraft:total_world_time":30478,"minecraft:fall_one_cm":33757}},"DataVersion":3465}