{"stats":{"minecraft:crafted":{"minecraft:cooked_beef":1,"minecraft:oak_planks":4,"minecraft:cooked_porkchop":4,"minecraft:crafting_table":1,"minecraft:cooked_mutton":4,"minecraft:air":0,"minecraft:iron_chestplate":1,"minecraft:iron_axe":1,"minecraft:iron_ingot":5,"minecraft:stone_pickaxe":1},"minecraft:dropped":{"gobber2:gobber2_foo":1,"vampirism:obi_belt":1,"minecraft:stick":5,"minecraft:dirt":1,"minecraft:oak_sapling":3,"minecraft:arrow":1,"minecraft:iron_pickaxe":2,"minecraft:egg":1},"minecraft:used":{"minecraft:cooked_mutton":4,"minecraft:stone_pickaxe":19,"minecraft:oak_planks":1,"minecraft:wooden_pickaxe":4,"minecraft:iron_sword":77,"minecraft:iron_chestplate":1,"minecraft:spyglass":11,"minecraft:crafting_table":2,"minecraft:white_bed":1,"minecraft:apple":1,"minecraft:iron_axe":1,"minecraft:iron_pickaxe":63,"gobber2:gobber2_gooey_beef":2,"minecraft:bow":4,"minecraft:furnace":1,"minecraft:cooked_porkchop":6,"minecraft:egg":1,"minecraft:cooked_beef":1},"minecraft:killed":{"vampirism:vampire":1,"minecraft:pig":5,"vampirism:advanced_vampire":1,"minecraft:zombie_villager":1,"minecraft:sheep":3,"minecraft:skeleton":3,"minecraft:zombie":2,"minecraft:llama":1,"minecraft:cow":2},"minecraft:picked_up":{"minecraft:crafting_table":1,"vampirism:vampire_blood_bottle":1,"gobber2:gobber2_gooey_beefstew":1,"minecraft:leather":7,"graveyard:dark_iron_ingot":1,"minecraft:oak_log":5,"minecraft:dirt":20,"minecraft:bone":3,"minecraft:apple":3,"vampirism:obi_belt":2,"minecraft:bow":1,"gobber2:gobber2_gooey_beef":2,"minecraft:beef":4,"minecraft:iron_ingot":12,"minecraft:iron_pickaxe":2,"minecraft:birch_sapling":1,"gobber2:gobber2_gooey_bread":3,"minecraft:egg":2,"vampirism:potion_table":1,"minecraft:furnace":2,"minecraft:raw_iron":9,"minecraft:stick":6,"minecraft:cooked_porkchop":2,"minecraft:porkchop":12,"vampirism:alchemical_cauldron":1,"vampirism:vampire_fang":1,"minecraft:white_bed":1,"gobber2:gobber2_foo":2,"vampirism:blood_bottle":1,"minecraft:arrow":4,"minecraft:rotten_flesh":2,"minecraft:oak_sapling":3,"gobber2:gobber2_goo":2,"minecraft:mutton":4,"minecraft:coal":64,"iceandfire:raw_silver":2,"minecraft:white_wool":3,"minecraft:cobblestone":17},"minecraft:mined":{"iceandfire:silver_ore":2,"minecraft:crafting_table":1,"biomesoplenty:bush":14,"minecraft:grass_block":1,"gobber2:gobber2_lucky_block":7,"vampirism:alchemical_cauldron":1,"biomesoplenty:flowering_oak_leaves":1,"minecraft:cobblestone":2,"vampirism:potion_table":1,"minecraft:furnace":2,"minecraft:iron_ore":15,"minecraft:grass":1,"minecraft:coal_ore":42,"minecraft:oak_log":3,"minecraft:stone":9,"minecraft:oak_leaves":7},"minecraft:custom":{"minecraft:interact_with_furnace":20,"minecraft:mob_kills":20,"minecraft:interact_with_cartography_table":1,"minecraft:interact_with_crafting_table":18,"minecraft:open_barrel":6,"minecraft:leave_game":2,"minecraft:time_since_death":60304,"minecraft:sleep_in_bed":1,"minecraft:climb_one_cm":2250,"vampirism:interact_alchemical_cauldron":2,"minecraft:time_since_rest":22812,"minecraft:sprint_one_cm":140031,"minecraft:damage_taken":938,"minecraft:walk_one_cm":159328,"minecraft:drop":11,"minecraft:damage_dealt":4409,"minecraft:fly_one_cm":199751,"minecraft:open_chest":10,"minecraft:crouch_one_cm":2381,"minecraft:play_time":60304,"minecraft:sneak_time":1290,"minecraft:interact_with_lectern":1,"minecraft:jump":962,"minecraft:walk_on_water_one_cm":842,"minecraft:total_world_time":60304,"minecraft:fall_one_cm":99180}},"DataVersion":3465}