{"stats":{"minecraft:crafted":{"minecraft:crafting_table":1,"minecraft:oak_planks":4},"minecraft:picked_up":{"minecraft:oak_log":1},"minecraft:mined":{"minecraft:oak_log":1,"minecraft:oak_leaves":2},"minecraft:custom":{"minecraft:jump":48,"minecraft:time_since_rest":6845,"minecraft:crouch_one_cm":36,"minecraft:sprint_one_cm":3201,"minecraft:play_time":6845,"minecraft:time_since_death":6845,"minecraft:walk_one_cm":7749,"minecraft:sneak_time":18,"minecraft:total_world_time":6845,"minecraft:fall_one_cm":1966,"minecraft:fly_one_cm":6148}},"DataVersion":3465}