{"stats":{"minecraft:crafted":{"minecraft:oak_planks":4,"minecraft:crafting_table":1,"minecraft:stone_pickaxe":1},"minecraft:dropped":{"minecraft:stick":2},"minecraft:used":{"minecraft:crafting_table":1,"minecraft:stone_pickaxe":14,"minecraft:oak_planks":1,"minecraft:wooden_pickaxe":4},"minecraft:picked_up":{"minecraft:raw_iron":7,"minecraft:stick":1,"minecraft:oak_log":3,"minecraft:coal":3,"minecraft:cobblestone":7},"minecraft:mined":{"minecraft:grass":1,"biomesoplenty:bush":9,"minecraft:coal_ore":3,"minecraft:oak_log":3,"minecraft:iron_ore":8,"minecraft:stone":7,"minecraft:oak_leaves":6},"minecraft:custom":{"minecraft:interact_with_furnace":1,"minecraft:time_since_rest":18845,"minecraft:crouch_one_cm":661,"minecraft:play_time":18845,"minecraft:sprint_one_cm":27634,"minecraft:damage_taken":30,"minecraft:walk_one_cm":30848,"minecraft:sneak_time":363,"minecraft:drop":2,"minecraft:jump":153,"minecraft:time_since_death":18845,"minecraft:total_world_time":18845,"minecraft:interact_with_crafting_table":8,"minecraft:fall_one_cm":9165,"minecraft:fly_one_cm":24516}},"DataVersion":3465}