{"stats":{"minecraft:crafted":{"minecraft:cooked_beef":1,"minecraft:oak_planks":4,"minecraft:cooked_porkchop":4,"minecraft:crafting_table":2,"minecraft:iron_helmet":1,"minecraft:cooked_mutton":4,"minecraft:air":0,"minecraft:iron_chestplate":1,"minecraft:iron_axe":1,"minecraft:iron_ingot":15,"minecraft:stone_pickaxe":1,"minecraft:iron_leggings":1},"minecraft:dropped":{"gobber2:gobber2_foo":1,"vampirism:obi_belt":1,"vampirism:vampire_orchid":2,"minecraft:soul_lantern":1,"alexsmobs:bison_fur":6,"minecraft:stick":6,"minecraft:dirt":1,"minecraft:oak_sapling":3,"minecraft:arrow":1,"minecraft:bow":3,"minecraft:iron_pickaxe":2,"minecraft:stone_brick_slab":1,"minecraft:egg":1},"minecraft:used":{"minecraft:cooked_mutton":5,"minecraft:stone_pickaxe":19,"minecraft:oak_planks":1,"minecraft:wooden_pickaxe":4,"minecraft:iron_sword":91,"minecraft:leather_boots":1,"minecraft:iron_chestplate":1,"minecraft:mossy_cobblestone":1,"minecraft:spyglass":11,"minecraft:crafting_table":3,"minecraft:white_bed":1,"minecraft:apple":2,"minecraft:iron_axe":1,"minecraft:bread":2,"minecraft:iron_pickaxe":108,"gobber2:gobber2_gooey_beef":2,"graveyard:mossy_cobblestone_gravestone":1,"minecraft:bow":4,"minecraft:furnace":2,"minecraft:cooked_porkchop":8,"minecraft:iron_leggings":1,"vampirism:vampire_orchid":1,"minecraft:egg":1,"minecraft:cooked_beef":1},"minecraft:killed_by":{"iceandfire:cyclops":1,"iceandfire:ghost":1},"minecraft:killed":{"vampirism:vampire":1,"minecraft:pig":5,"vampirism:advanced_vampire":1,"minecraft:zombie_villager":1,"minecraft:sheep":3,"minecraft:skeleton":4,"minecraft:zombie":4,"minecraft:llama":1,"minecraft:cow":3},"minecraft:picked_up":{"minecraft:iron_chestplate":2,"minecraft:crafting_table":1,"vampirism:vampire_blood_bottle":3,"vampirism:dark_spruce_log":26,"gobber2:gobber2_gooey_beefstew":4,"minecraft:leather":16,"graveyard:dark_iron_ingot":3,"minecraft:gold_block":5,"alexsmobs:bison_fur":6,"minecraft:oak_log":7,"minecraft:gunpowder":1,"minecraft:dirt":20,"minecraft:iron_axe":1,"minecraft:iron_leggings":1,"minecraft:leather_boots":2,"minecraft:bone":8,"minecraft:apple":18,"vampirism:obi_belt":4,"graveyard:corruption":3,"minecraft:bow":3,"gobber2:gobber2_gooey_beef":8,"minecraft:stone_pickaxe":1,"minecraft:beef":5,"minecraft:iron_ingot":35,"vampirism:garlic_bread":4,"minecraft:iron_pickaxe":4,"minecraft:enchanted_golden_apple":1,"minecraft:iron_sword":2,"minecraft:birch_sapling":1,"gobber2:gobber2_gooey_bread":6,"minecraft:egg":2,"vampirism:potion_table":2,"minecraft:furnace":4,"minecraft:book":4,"minecraft:raw_iron":81,"minecraft:stick":9,"vampirism:cursed_spruce_log":11,"minecraft:cooked_porkchop":2,"minecraft:stone_brick_slab":1,"minecraft:torch":113,"minecraft:spyglass":1,"vampirism:crucifix_normal":2,"minecraft:porkchop":14,"vampirism:alchemical_cauldron":3,"minecraft:spruce_sapling":1,"graveyard:mossy_cobblestone_gravestone":1,"vampirism:vampire_fang":1,"minecraft:white_bed":1,"minecraft:spruce_log":11,"minecraft:mossy_cobblestone":1,"minecraft:mossy_stone_brick_slab":1,"alexsmobs:animal_dictionary":2,"gobber2:gobber2_foo":4,"vampirism:blood_bottle":3,"minecraft:arrow":12,"minecraft:rotten_flesh":2,"minecraft:soul_lantern":1,"minecraft:blaze_rod":5,"minecraft:bread":3,"vampirism:item_alchemical_fire":10,"vampirism:vampire_orchid":3,"minecraft:oak_sapling":61,"gobber2:gobber2_goo":4,"minecraft:mutton":4,"minecraft:coal":94,"iceandfire:raw_silver":6,"minecraft:white_wool":9,"minecraft:cobblestone":57},"minecraft:mined":{"iceandfire:silver_ore":2,"minecraft:mossy_cobblestone":1,"minecraft:mossy_stone_brick_slab":1,"minecraft:stone_brick_slab":1,"minecraft:crafting_table":1,"biomesoplenty:bush":14,"minecraft:grass_block":1,"gobber2:gobber2_lucky_block":7,"vampirism:alchemical_cauldron":1,"biomesoplenty:flowering_oak_leaves":1,"minecraft:cobblestone":2,"vampirism:potion_table":1,"minecraft:furnace":3,"minecraft:iron_ore":37,"minecraft:grass":2,"minecraft:coal_ore":57,"minecraft:oak_log":3,"minecraft:stone":9,"minecraft:fern":1,"minecraft:oak_leaves":7},"minecraft:custom":{"minecraft:interact_with_furnace":26,"minecraft:mob_kills":24,"minecraft:interact_with_cartography_table":1,"minecraft:interact_with_crafting_table":19,"minecraft:open_barrel":6,"minecraft:leave_game":2,"minecraft:time_since_death":2641,"minecraft:sleep_in_bed":1,"minecraft:climb_one_cm":2250,"vampirism:interact_alchemical_cauldron":2,"minecraft:time_since_rest":2710,"minecraft:sprint_one_cm":248276,"minecraft:damage_taken":1747,"minecraft:walk_one_cm":216879,"minecraft:drop":20,"minecraft:damage_dealt":5213,"minecraft:swim_one_cm":4664,"minecraft:fly_one_cm":362252,"minecraft:open_chest":10,"minecraft:crouch_one_cm":2478,"minecraft:play_time":84304,"minecraft:deaths":2,"minecraft:sneak_time":1414,"minecraft:walk_under_water_one_cm":370,"minecraft:interact_with_lectern":1,"minecraft:jump":1685,"minecraft:walk_on_water_one_cm":2183,"minecraft:total_world_time":84304,"minecraft:fall_one_cm":180129}},"DataVersion":3465}