{"stats":{"minecraft:picked_up":{"iceandfire:dragon_skull_lightning":2,"minecraft:crafting_table":2,"minecraft:iron_chestplate":1,"vampirism:oblivion_potion":2,"minecraft:gold_block":3,"tombstone:grave_key":1,"minecraft:string":1,"minecraft:iron_leggings":1,"minecraft:glass_pane":14,"minecraft:cracked_stone_bricks":1,"minecraft:spruce_planks":73,"minecraft:beef":4,"minecraft:rose_bush":1,"minecraft:iron_pickaxe":1,"minecraft:chest":1,"minecraft:birch_sapling":2,"vampirism:crossbow_arrow_normal":1,"minecraft:spruce_trapdoor":2,"minecraft:iron_boots":2,"minecraft:stick":29,"iceandfire:dragonbone":67,"minecraft:acacia_fence":1,"mowziesmobs:sol_visage":1,"minecraft:torch":64,"minecraft:spruce_stairs":2,"minecraft:porkchop":2,"tombstone:grave_dust":3,"vampirism:vampire_fang":13,"minecraft:carrot":13,"vampirism:amulet":1,"vampirism:enhanced_crossbow":1,"travelersbackpack:iron":4,"gobber2:gobber2_foo":1,"vampirism:hunter_table":1,"minecraft:arrow":4,"minecraft:rotten_flesh":14,"minecraft:peony":1,"mowziesmobs:umvuthana_mask_bliss":2,"vampirism:item_alchemical_fire":3,"minecraft:mutton":1,"minecraft:cobblestone":94,"minecraft:white_wool":1,"minecraft:birch_log":2,"minecraft:stripped_oak_log":5,"mowziesmobs:umvuthana_mask_fury":2,"vampirism:weapon_table":1,"vampirism:vampire_blood_bottle":17,"minecraft:feather":5,"minecraft:cooked_beef":6,"vampirism:med_chair":1,"minecraft:water_bucket":1,"gobber2:gobber2_gooey_beefstew":1,"minecraft:potato":2,"minecraft:oak_log":151,"minecraft:cobblestone_wall":1,"vampirism:hunter_coat_legs_ultimate":1,"minecraft:dirt":1568,"tombstone:gift":2,"minecraft:glass":4,"minecraft:bone":2,"mowziesmobs:umvuthana_mask_rage":2,"minecraft:bow":1,"gobber2:gobber2_gooey_beef":1,"minecraft:wheat_seeds":2,"tombstone:tablet_of_guard":1,"vampirism:hunter_axe_enhanced":1,"mowziesmobs:umvuthana_mask_misery":1,"minecraft:oak_planks":123,"minecraft:iron_sword":1,"gobber2:gobber2_gooey_bread":5,"minecraft:cooked_porkchop":3,"minecraft:spyglass":1,"iceandfire:dragon_skull_fire":1,"minecraft:sand":42,"minecraft:spruce_sapling":40,"minecraft:spruce_log":453,"vampirism:pure_blood_0":1,"minecraft:white_candle":1,"minecraft:stone_axe":1,"iceandfire:crackled_stone":1,"minecraft:iron_helmet":2,"minecraft:gray_wool":1,"mowziesmobs:umvuthana_mask_fear":2,"minecraft:oak_sapling":4,"gobber2:gobber2_goo":2},"minecraft:killed_by":{"mowziesmobs:naga":1,"minecraft:player":2,"vampirism:vampire_baron":2,"mowziesmobs:umvuthi":11,"minecraft:zombie":1},"minecraft:dropped":{"minecraft:wheat_seeds":1,"tombstone:grave_key":1,"minecraft:writable_book":1,"vampirism:injection_garlic":1,"minecraft:rotten_flesh":6,"vampirism:crossbow_arrow_normal":1},"minecraft:custom":{"minecraft:mob_kills":70,"vampirism:killed_with_stake":31,"minecraft:interact_with_crafting_table":48,"minecraft:open_barrel":15,"minecraft:interact_with_campfire":4,"minecraft:damage_dealt_resisted":1255,"minecraft:leave_game":3,"minecraft:time_since_death":10106,"minecraft:climb_one_cm":9633,"minecraft:sprint_one_cm":843366,"minecraft:walk_one_cm":1132777,"minecraft:drop":8,"vampirism:skills_unlocked":38,"vampirism:interact_with_alchemy_table":1,"minecraft:play_time":343068,"minecraft:deaths":17,"minecraft:sneak_time":21861,"minecraft:walk_under_water_one_cm":17507,"minecraft:jump":3644,"minecraft:interact_with_blast_furnace":1,"vampirism:action_time_disguise_hunter":6326,"minecraft:walk_on_water_one_cm":18689,"minecraft:total_world_time":343068,"vampirism:interact_with_injection_chair":7,"minecraft:interact_with_furnace":15,"tombstone:raider_killed":1,"vampirism:interact_with_research_table":11,"minecraft:sleep_in_bed":4,"vampirism:actions_used":4,"minecraft:time_since_rest":9941,"minecraft:damage_taken":5278,"minecraft:damage_dealt":16450,"vampirism:action_used_disguise_hunter":4,"minecraft:swim_one_cm":34637,"minecraft:fly_one_cm":1220952,"minecraft:player_kills":1,"minecraft:open_chest":211,"minecraft:crouch_one_cm":93724,"tombstone:undead_killed":13,"minecraft:fall_one_cm":422160,"minecraft:horse_one_cm":568},"minecraft:killed":{"vampirism:vampire":36,"vampirism:advanced_vampire":1,"mowziesmobs:umvuthi":1,"minecraft:spider":1,"alexsmobs:seagull":1,"vampirism:blinding_bat":1,"minecraft:skeleton":3,"mowziesmobs:umvuthana_crane":8,"mowziesmobs:umvuthana":1,"vampirism:vampire_baron":1,"minecraft:sheep":1,"minecraft:pillager":1,"minecraft:zombie":10},"minecraft:used":{"minecraft:writable_book":2,"minecraft:iron_shovel":1185,"mowziesmobs:umvuthana_mask_fear":1,"minecraft:spruce_slab":4,"minecraft:chest":25,"gobber2:gobber2_gooey_bread":2,"minecraft:spruce_planks":2584,"minecraft:iron_sword":260,"minecraft:torch":86,"iceandfire:armor_copper_metal_boots":1,"minecraft:dirt":47,"minecraft:cobblestone_wall":1,"minecraft:spruce_stairs":68,"travelersbackpack:iron":1,"vampirism:enhanced_crossbow":33,"minecraft:iron_axe":768,"minecraft:iron_helmet":2,"minecraft:iron_boots":3,"vampirism:hunter_coat_legs_ultimate":1,"tombstone:gift":4,"minecraft:cooked_beef":6,"minecraft:iron_leggings":1,"minecraft:cooked_mutton":2,"minecraft:water_bucket":10,"minecraft:spruce_door":5,"minecraft:oak_planks":854,"vampirism:armor_of_swiftness_legs_ultimate":1,"minecraft:spruce_fence_gate":4,"minecraft:crafting_table":4,"vampirism:hunter_table":2,"vampirism:stake":75,"minecraft:campfire":1,"minecraft:oak_log":157,"minecraft:apple":1,"minecraft:bread":30,"minecraft:iron_pickaxe":96,"minecraft:spruce_trapdoor":14,"tombstone:grave_key":18,"minecraft:spruce_sapling":24,"mowziesmobs:sol_visage":1,"minecraft:cobblestone":19,"travelersbackpack:standard":3,"minecraft:cooked_porkchop":6,"minecraft:bucket":10,"minecraft:glass_pane":121,"vampirism:med_chair":2,"minecraft:bone_meal":31},"minecraft:crafted":{"minecraft:oak_planks":768,"vampirism:injection_garlic":2,"minecraft:bone_meal":39,"vampirism:crossbow_arrow_normal":26,"minecraft:glass_pane":112,"vampirism:injection_empty":2,"minecraft:glass":42,"minecraft:spruce_stairs":48,"minecraft:iron_axe":1,"minecraft:spruce_slab":6,"minecraft:chest":20,"vampirism:stake":2,"minecraft:crafting_table":3,"minecraft:spruce_planks":2700,"minecraft:spruce_door":9,"minecraft:bucket":2,"minecraft:birch_planks":12,"minecraft:campfire":1,"minecraft:air":0,"minecraft:spruce_trapdoor":12,"minecraft:stick":8,"minecraft:iron_ingot":0,"minecraft:iron_shovel":2,"minecraft:spruce_fence_gate":4,"minecraft:torch":40},"minecraft:mined":{"minecraft:spruce_planks":73,"biomesoplenty:desert_grass":2,"minecraft:spruce_trapdoor":2,"biomesoplenty:bush":3,"minecraft:grass_block":741,"gobber2:gobber2_lucky_block":10,"vampirism:weapon_table":1,"minecraft:spruce_leaves":4,"travelersbackpack:iron":3,"vampirism:hunter_table":1,"minecraft:peony":3,"minecraft:dirt_path":1,"minecraft:stripped_oak_log":5,"minecraft:stone":77,"minecraft:podzol":1,"minecraft:acacia_leaves":2,"minecraft:glass_pane":1,"minecraft:crafting_table":2,"minecraft:torch":8,"minecraft:chest":1,"minecraft:rose_bush":1,"minecraft:tall_grass":1,"minecraft:cobblestone":2,"minecraft:oak_planks":69,"minecraft:wall_torch":7,"minecraft:spruce_stairs":2,"biomesoplenty:magic_leaves":1,"iceandfire:crackled_stone":1,"minecraft:cobblestone_wall":1,"minecraft:birch_log":2,"minecraft:wheat":1,"vampirism:med_chair":1,"minecraft:spruce_log":466,"minecraft:birch_leaves":18,"minecraft:grass":7,"minecraft:oak_log":152,"minecraft:sand":43,"minecraft:dirt":486,"minecraft:cracked_stone_bricks":1,"minecraft:oak_leaves":15},"minecraft:broken":{"minecraft:iron_shovel":5,"minecraft:iron_boots":1,"minecraft:iron_chestplate":1,"vampirism:stake":1,"minecraft:iron_axe":3}},"DataVersion":3465}