{"stats":{"minecraft:picked_up":{"iceandfire:dragon_skull_lightning":2,"minecraft:iron_chestplate":1,"vampirism:oblivion_potion":2,"minecraft:gold_block":3,"tombstone:grave_key":1,"minecraft:string":1,"minecraft:iron_leggings":1,"minecraft:glass_pane":14,"minecraft:cracked_stone_bricks":1,"minecraft:spruce_planks":44,"minecraft:beef":4,"minecraft:rose_bush":1,"minecraft:iron_pickaxe":1,"minecraft:chest":1,"minecraft:birch_sapling":2,"vampirism:crossbow_arrow_normal":1,"minecraft:iron_boots":2,"minecraft:stick":29,"iceandfire:dragonbone":67,"minecraft:acacia_fence":1,"mowziesmobs:sol_visage":1,"minecraft:torch":60,"minecraft:spruce_stairs":2,"minecraft:porkchop":2,"tombstone:grave_dust":3,"vampirism:vampire_fang":5,"minecraft:carrot":13,"vampirism:amulet":1,"vampirism:enhanced_crossbow":1,"travelersbackpack:iron":3,"gobber2:gobber2_foo":1,"minecraft:arrow":4,"minecraft:rotten_flesh":13,"minecraft:peony":1,"mowziesmobs:umvuthana_mask_bliss":2,"vampirism:item_alchemical_fire":3,"minecraft:mutton":1,"minecraft:cobblestone":94,"minecraft:white_wool":1,"minecraft:birch_log":2,"minecraft:stripped_oak_log":5,"mowziesmobs:umvuthana_mask_fury":2,"vampirism:weapon_table":1,"vampirism:vampire_blood_bottle":9,"minecraft:feather":5,"minecraft:cooked_beef":6,"gobber2:gobber2_gooey_beefstew":1,"minecraft:potato":2,"minecraft:oak_log":151,"minecraft:cobblestone_wall":1,"vampirism:hunter_coat_legs_ultimate":1,"minecraft:dirt":1542,"tombstone:gift":2,"minecraft:glass":4,"minecraft:bone":2,"mowziesmobs:umvuthana_mask_rage":2,"minecraft:bow":1,"gobber2:gobber2_gooey_beef":1,"minecraft:wheat_seeds":1,"tombstone:tablet_of_guard":1,"vampirism:hunter_axe_enhanced":1,"mowziesmobs:umvuthana_mask_misery":1,"minecraft:oak_planks":123,"minecraft:iron_sword":1,"gobber2:gobber2_gooey_bread":5,"minecraft:cooked_porkchop":3,"minecraft:spyglass":1,"iceandfire:dragon_skull_fire":1,"minecraft:sand":42,"minecraft:spruce_sapling":38,"minecraft:spruce_log":451,"minecraft:white_candle":1,"minecraft:stone_axe":1,"iceandfire:crackled_stone":1,"minecraft:iron_helmet":2,"minecraft:gray_wool":1,"mowziesmobs:umvuthana_mask_fear":2,"minecraft:oak_sapling":4,"gobber2:gobber2_goo":2},"minecraft:killed_by":{"minecraft:player":2,"mowziesmobs:umvuthi":11,"minecraft:zombie":1},"minecraft:dropped":{"minecraft:wheat_seeds":1,"tombstone:grave_key":1,"minecraft:writable_book":1,"vampirism:injection_garlic":1,"minecraft:rotten_flesh":6,"vampirism:crossbow_arrow_normal":1},"minecraft:custom":{"minecraft:mob_kills":49,"vampirism:killed_with_stake":13,"minecraft:interact_with_crafting_table":41,"minecraft:open_barrel":11,"minecraft:interact_with_campfire":4,"minecraft:damage_dealt_resisted":665,"minecraft:leave_game":3,"minecraft:time_since_death":89577,"minecraft:climb_one_cm":7805,"minecraft:sprint_one_cm":715958,"minecraft:walk_one_cm":1015610,"minecraft:drop":8,"vampirism:skills_unlocked":19,"vampirism:interact_with_alchemy_table":1,"minecraft:play_time":289068,"minecraft:deaths":14,"minecraft:sneak_time":16441,"minecraft:walk_under_water_one_cm":17059,"minecraft:jump":2925,"minecraft:interact_with_blast_furnace":1,"minecraft:walk_on_water_one_cm":10901,"minecraft:total_world_time":289068,"vampirism:interact_with_injection_chair":7,"minecraft:interact_with_furnace":15,"tombstone:raider_killed":1,"minecraft:sleep_in_bed":2,"minecraft:time_since_rest":7876,"minecraft:damage_taken":4534,"minecraft:damage_dealt":10303,"minecraft:swim_one_cm":31640,"minecraft:fly_one_cm":1043509,"minecraft:player_kills":1,"minecraft:open_chest":180,"minecraft:crouch_one_cm":72501,"tombstone:undead_killed":13,"minecraft:fall_one_cm":339480,"minecraft:horse_one_cm":568},"minecraft:killed":{"vampirism:vampire":17,"vampirism:advanced_vampire":1,"mowziesmobs:umvuthi":1,"minecraft:spider":1,"alexsmobs:seagull":1,"minecraft:skeleton":3,"mowziesmobs:umvuthana_crane":8,"mowziesmobs:umvuthana":1,"minecraft:sheep":1,"minecraft:pillager":1,"minecraft:zombie":10},"minecraft:used":{"minecraft:writable_book":2,"minecraft:iron_shovel":1185,"mowziesmobs:umvuthana_mask_fear":1,"minecraft:spruce_slab":4,"minecraft:chest":25,"gobber2:gobber2_gooey_bread":2,"minecraft:spruce_planks":2117,"minecraft:iron_sword":167,"minecraft:torch":77,"iceandfire:armor_copper_metal_boots":1,"minecraft:dirt":47,"minecraft:cobblestone_wall":1,"minecraft:spruce_stairs":68,"travelersbackpack:iron":1,"vampirism:enhanced_crossbow":33,"minecraft:iron_axe":738,"minecraft:iron_helmet":2,"minecraft:iron_boots":3,"vampirism:hunter_coat_legs_ultimate":1,"tombstone:gift":4,"minecraft:cooked_beef":6,"minecraft:iron_leggings":1,"minecraft:cooked_mutton":2,"minecraft:spruce_door":4,"minecraft:oak_planks":854,"vampirism:armor_of_swiftness_legs_ultimate":1,"minecraft:crafting_table":2,"vampirism:stake":36,"minecraft:campfire":1,"minecraft:oak_log":157,"minecraft:apple":1,"minecraft:bread":24,"minecraft:iron_pickaxe":96,"tombstone:grave_key":17,"minecraft:spruce_sapling":24,"mowziesmobs:sol_visage":1,"minecraft:cobblestone":19,"travelersbackpack:standard":3,"minecraft:cooked_porkchop":6,"minecraft:glass_pane":121,"vampirism:med_chair":1,"minecraft:bone_meal":31},"minecraft:crafted":{"minecraft:oak_planks":768,"vampirism:injection_garlic":2,"minecraft:bone_meal":39,"vampirism:crossbow_arrow_normal":26,"minecraft:glass_pane":112,"vampirism:injection_empty":2,"minecraft:glass":42,"minecraft:spruce_stairs":48,"minecraft:spruce_slab":6,"minecraft:chest":20,"vampirism:stake":2,"minecraft:crafting_table":2,"minecraft:spruce_planks":2514,"minecraft:spruce_door":6,"minecraft:bucket":2,"minecraft:birch_planks":12,"minecraft:campfire":1,"minecraft:air":0,"minecraft:spruce_trapdoor":4,"minecraft:iron_ingot":0,"minecraft:iron_shovel":2,"minecraft:torch":40},"minecraft:mined":{"minecraft:spruce_planks":43,"biomesoplenty:desert_grass":2,"biomesoplenty:bush":3,"minecraft:grass_block":735,"gobber2:gobber2_lucky_block":10,"vampirism:weapon_table":1,"minecraft:spruce_leaves":4,"travelersbackpack:iron":2,"minecraft:peony":3,"minecraft:dirt_path":1,"minecraft:stripped_oak_log":5,"minecraft:stone":77,"minecraft:podzol":1,"minecraft:acacia_leaves":2,"minecraft:glass_pane":1,"minecraft:torch":8,"minecraft:chest":1,"minecraft:rose_bush":1,"minecraft:tall_grass":1,"minecraft:cobblestone":2,"minecraft:oak_planks":69,"minecraft:wall_torch":6,"minecraft:spruce_stairs":2,"iceandfire:crackled_stone":1,"minecraft:cobblestone_wall":1,"minecraft:birch_log":2,"minecraft:wheat":1,"minecraft:spruce_log":466,"minecraft:birch_leaves":18,"minecraft:grass":7,"minecraft:oak_log":152,"minecraft:sand":43,"minecraft:dirt":486,"minecraft:cracked_stone_bricks":1,"minecraft:oak_leaves":15},"minecraft:broken":{"minecraft:iron_shovel":5,"minecraft:iron_boots":1,"minecraft:iron_chestplate":1,"minecraft:iron_axe":2}},"DataVersion":3465}