{"stats":{"minecraft:picked_up":{"vampirism:injection_garlic":1,"tombstone:grave_key":1,"minecraft:polished_deepslate":1,"minecraft:string":1,"minecraft:iron_shovel":3,"minecraft:cyan_carpet":6,"vampirism:obi_belt":2,"minecraft:spruce_planks":33,"minecraft:beef":11,"minecraft:calcite":2,"minecraft:chest":1,"vampirism:crossbow_arrow_normal":1,"minecraft:spruce_trapdoor":2,"minecraft:stick":28,"minecraft:raw_iron":4,"minecraft:torch":5,"tombstone:grave_dust":5,"vampirism:vampire_fang":11,"travelersbackpack:iron":1,"minecraft:arrow":8,"minecraft:rotten_flesh":13,"tombstone:essence_of_undeath":1,"minecraft:mutton":1,"minecraft:obsidian":8,"minecraft:skeleton_skull":1,"minecraft:white_wool":2,"minecraft:cobblestone":77,"minecraft:enchanting_table":1,"vampirism:vampire_blood_bottle":18,"minecraft:cooked_beef":12,"minecraft:leather":2,"gobber2:gobber2_gooey_beefstew":2,"minecraft:potato":90,"vampirism:stake":1,"minecraft:gunpowder":2,"minecraft:dirt":2425,"minecraft:cooked_mutton":1,"minecraft:bone":14,"minecraft:wheat_seeds":7,"minecraft:iron_ingot":46,"minecraft:iron_sword":1,"vampirism:ring":1,"minecraft:blast_furnace":1,"minecraft:spruce_log":1,"minecraft:writable_book":2,"tombstone:magic_scroll":1,"minecraft:oak_sapling":3,"gobber2:gobber2_goo":1},"minecraft:killed_by":{"minecraft:husk":1,"minecraft:player":1,"minecraft:zombie":1},"minecraft:custom":{"minecraft:mob_kills":122,"minecraft:interact_with_anvil":6,"vampirism:killed_with_stake":23,"minecraft:interact_with_crafting_table":15,"minecraft:open_barrel":6,"minecraft:interact_with_campfire":20,"minecraft:damage_dealt_resisted":1081,"minecraft:eat_cake_slice":2,"minecraft:leave_game":4,"minecraft:time_since_death":3408,"minecraft:climb_one_cm":256,"minecraft:sprint_one_cm":384776,"minecraft:walk_one_cm":424201,"minecraft:drop":42,"vampirism:skills_unlocked":12,"minecraft:play_time":259249,"minecraft:deaths":6,"minecraft:sneak_time":1650,"minecraft:walk_under_water_one_cm":2229,"tombstone:tomb_raiding":1,"minecraft:jump":1723,"minecraft:walk_on_water_one_cm":5543,"minecraft:total_world_time":259249,"vampirism:interact_with_injection_chair":6,"minecraft:interact_with_furnace":3,"minecraft:sleep_in_bed":2,"minecraft:time_since_rest":3134,"minecraft:damage_taken":3751,"minecraft:trigger_trapped_chest":5,"minecraft:damage_dealt":28113,"minecraft:swim_one_cm":7878,"minecraft:fly_one_cm":494424,"minecraft:player_kills":2,"minecraft:open_chest":61,"minecraft:crouch_one_cm":2025,"tombstone:undead_killed":43,"minecraft:fall_one_cm":40917,"minecraft:horse_one_cm":4558},"minecraft:killed":{"vampirism:vampire":44,"vampirism:advanced_vampire":1,"minecraft:spider":3,"alexsmobs:seagull":1,"minecraft:skeleton":8,"vampirism:blinding_bat":16,"minecraft:husk":9,"graveyard:ghoul":1,"minecraft:creeper":5,"minecraft:sheep":1,"minecraft:zombie":19,"iceandfire:ghost":5,"tombstone:spectral_wolf":1,"minecraft:cow":4},"minecraft:dropped":{"minecraft:iron_sword":1,"biomesoplenty:pink_daffodil":1,"vampirism:stake":1,"minecraft:cooked_beef":3,"vampirism:hunter_axe_enhanced":1,"vampirism:hunter_coat_legs_ultimate":1,"minecraft:iron_helmet":2,"minecraft:cobblestone":6,"tombstone:tablet_of_guard":1,"minecraft:gold_block":3,"minecraft:dirt":1,"tombstone:grave_key":1,"minecraft:writable_book":1,"minecraft:iron_shovel":3,"alexsmobs:raccoon_tail":1,"minecraft:white_wool":1,"minecraft:spruce_sapling":4,"minecraft:polished_deepslate":1,"minecraft:bone":2,"minecraft:stone_axe":1,"tombstone:gift":1,"vampirism:item_alchemical_fire":3,"minecraft:rotten_flesh":1,"minecraft:iron_boots":2,"minecraft:iron_hoe":1,"minecraft:white_candle":1,"minecraft:glass_pane":14,"travelersbackpack:iron":2,"minecraft:iron_chestplate":1,"vampirism:crossbow_arrow_normal":1,"minecraft:spruce_log":1,"minecraft:calcite":2,"minecraft:acacia_fence":1},"minecraft:used":{"minecraft:writable_book":1,"minecraft:enchanting_table":1,"minecraft:iron_shovel":3248,"minecraft:chest":3,"minecraft:spruce_planks":23,"minecraft:torch":5,"minecraft:anvil":1,"minecraft:dirt":10,"minecraft:iron_axe":18,"minecraft:cooked_beef":9,"minecraft:potato":29,"minecraft:iron_leggings":1,"minecraft:cooked_mutton":1,"minecraft:water_bucket":2,"minecraft:baked_potato":18,"minecraft:white_wool":1,"vampirism:stake":66,"minecraft:diamond_pickaxe":45,"gobber2:gobber2_gooey_beefstew":1,"minecraft:bread":27,"minecraft:spruce_trapdoor":1,"minecraft:diamond_sword":413,"minecraft:cobblestone":5,"minecraft:bucket":2},"minecraft:crafted":{"vampirism:stake":4,"minecraft:baked_potato":30,"minecraft:air":0,"minecraft:iron_shovel":15},"minecraft:mined":{"minecraft:spruce_planks":2,"iceandfire:graveyard_soil":10,"minecraft:red_nether_bricks":1,"minecraft:obsidian":8,"biomesoplenty:bush":15,"minecraft:grass_block":1112,"gobber2:gobber2_lucky_block":3,"minecraft:large_fern":1,"minecraft:iron_ore":4,"minecraft:enchanting_table":1,"minecraft:polished_deepslate":2,"minecraft:potatoes":25,"minecraft:dirt_path":10,"minecraft:stone":121,"minecraft:stripped_mangrove_wood":2,"minecraft:white_wool":1,"minecraft:oak_fence":1,"minecraft:torch":1,"minecraft:blast_furnace":1,"minecraft:calcite":3,"minecraft:chest":1,"minecraft:nether_brick_slab":2,"minecraft:tall_grass":6,"minecraft:cobblestone":10,"minecraft:oak_planks":2,"minecraft:diorite":1,"minecraft:skeleton_skull":1,"graveyard:skull_pile":1,"minecraft:grass":39,"minecraft:cyan_carpet":7,"minecraft:dirt":1966,"minecraft:oak_leaves":10,"minecraft:fern":4},"minecraft:broken":{"minecraft:iron_shovel":12,"minecraft:iron_chestplate":1}},"DataVersion":3465}