{"stats":{"minecraft:picked_up":{"minecraft:enchanting_table":1,"vampirism:injection_garlic":1,"vampirism:vampire_blood_bottle":18,"minecraft:cooked_beef":12,"minecraft:leather":2,"minecraft:potato":90,"tombstone:grave_key":1,"minecraft:gunpowder":2,"minecraft:string":1,"minecraft:dirt":2421,"minecraft:cooked_mutton":1,"minecraft:iron_shovel":3,"minecraft:bone":14,"vampirism:obi_belt":2,"minecraft:wheat_seeds":7,"minecraft:spruce_planks":32,"minecraft:iron_ingot":46,"minecraft:beef":11,"minecraft:spruce_trapdoor":2,"minecraft:chest":1,"minecraft:iron_sword":1,"vampirism:crossbow_arrow_normal":1,"minecraft:stick":28,"minecraft:torch":5,"vampirism:ring":1,"tombstone:grave_dust":5,"vampirism:vampire_fang":11,"minecraft:spruce_log":1,"travelersbackpack:iron":1,"minecraft:arrow":8,"minecraft:rotten_flesh":13,"minecraft:writable_book":2,"tombstone:essence_of_undeath":1,"tombstone:magic_scroll":1,"minecraft:oak_sapling":3,"minecraft:obsidian":8,"minecraft:mutton":1,"minecraft:white_wool":2,"minecraft:cobblestone":77},"minecraft:killed_by":{"minecraft:player":1,"minecraft:zombie":1},"minecraft:killed":{"vampirism:vampire":44,"graveyard:ghoul":1,"vampirism:advanced_vampire":1,"minecraft:spider":3,"minecraft:creeper":5,"vampirism:blinding_bat":16,"minecraft:sheep":1,"minecraft:skeleton":8,"minecraft:zombie":19,"tombstone:spectral_wolf":1,"minecraft:cow":4},"minecraft:dropped":{"minecraft:iron_sword":1,"minecraft:stone_axe":1,"biomesoplenty:pink_daffodil":1,"minecraft:cooked_beef":3,"vampirism:hunter_axe_enhanced":1,"vampirism:item_alchemical_fire":3,"vampirism:hunter_coat_legs_ultimate":1,"tombstone:tablet_of_guard":1,"minecraft:iron_helmet":2,"minecraft:cobblestone":6,"minecraft:rotten_flesh":1,"minecraft:iron_boots":2,"minecraft:white_candle":1,"minecraft:iron_hoe":1,"minecraft:glass_pane":14,"travelersbackpack:iron":2,"minecraft:gold_block":3,"minecraft:dirt":1,"tombstone:grave_key":1,"minecraft:iron_chestplate":1,"vampirism:crossbow_arrow_normal":1,"minecraft:writable_book":1,"minecraft:spruce_log":1,"minecraft:iron_shovel":3,"minecraft:acacia_fence":1,"alexsmobs:raccoon_tail":1,"minecraft:white_wool":1,"minecraft:spruce_sapling":4,"minecraft:bone":2},"minecraft:custom":{"minecraft:interact_with_furnace":3,"minecraft:interact_with_anvil":6,"minecraft:mob_kills":107,"vampirism:killed_with_stake":23,"minecraft:interact_with_crafting_table":15,"minecraft:open_barrel":1,"minecraft:interact_with_campfire":20,"minecraft:damage_dealt_resisted":1081,"minecraft:leave_game":4,"minecraft:time_since_death":28404,"minecraft:sleep_in_bed":2,"minecraft:time_since_rest":28217,"minecraft:sprint_one_cm":335121,"minecraft:damage_taken":2407,"minecraft:walk_one_cm":390991,"minecraft:drop":38,"vampirism:skills_unlocked":8,"minecraft:damage_dealt":22771,"minecraft:swim_one_cm":2368,"minecraft:fly_one_cm":449463,"minecraft:player_kills":2,"minecraft:open_chest":61,"minecraft:crouch_one_cm":1594,"minecraft:play_time":247249,"minecraft:sneak_time":1463,"tombstone:undead_killed":29,"minecraft:deaths":4,"minecraft:walk_under_water_one_cm":1797,"tombstone:tomb_raiding":1,"minecraft:jump":1425,"minecraft:walk_on_water_one_cm":5432,"vampirism:interact_with_injection_chair":6,"minecraft:total_world_time":247249,"minecraft:fall_one_cm":33674,"minecraft:horse_one_cm":4558},"minecraft:used":{"minecraft:cooked_mutton":1,"minecraft:water_bucket":2,"minecraft:writable_book":1,"minecraft:enchanting_table":1,"minecraft:iron_shovel":3223,"minecraft:baked_potato":7,"minecraft:spruce_planks":8,"minecraft:chest":3,"minecraft:torch":1,"minecraft:white_wool":1,"minecraft:dirt":10,"minecraft:anvil":1,"vampirism:stake":58,"minecraft:diamond_pickaxe":28,"minecraft:iron_axe":14,"minecraft:bread":27,"minecraft:spruce_trapdoor":1,"minecraft:diamond_sword":339,"minecraft:cobblestone":5,"minecraft:bucket":2,"minecraft:cooked_beef":9,"minecraft:potato":29,"minecraft:iron_leggings":1},"minecraft:crafted":{"minecraft:baked_potato":30,"minecraft:air":0,"vampirism:stake":4,"minecraft:iron_shovel":15},"minecraft:mined":{"minecraft:oak_fence":1,"minecraft:obsidian":8,"minecraft:torch":1,"biomesoplenty:bush":15,"minecraft:grass_block":1107,"minecraft:chest":1,"minecraft:tall_grass":6,"minecraft:cobblestone":10,"minecraft:oak_planks":2,"graveyard:skull_pile":1,"minecraft:enchanting_table":1,"minecraft:grass":37,"minecraft:potatoes":25,"minecraft:dirt_path":10,"minecraft:dirt":1958,"minecraft:stone":121,"minecraft:white_wool":1,"minecraft:oak_leaves":10,"minecraft:fern":2},"minecraft:broken":{"minecraft:iron_shovel":12,"minecraft:iron_chestplate":1}},"DataVersion":3465}