{"stats":{"minecraft:picked_up":{"minecraft:enchanting_table":1,"vampirism:injection_garlic":1,"vampirism:vampire_blood_bottle":1,"minecraft:cooked_beef":12,"minecraft:leather":2,"minecraft:potato":24,"tombstone:grave_key":1,"minecraft:gunpowder":2,"minecraft:dirt":2414,"minecraft:cooked_mutton":1,"minecraft:iron_shovel":3,"minecraft:bone":12,"minecraft:wheat_seeds":7,"minecraft:iron_ingot":46,"minecraft:beef":11,"minecraft:chest":1,"vampirism:crossbow_arrow_normal":1,"minecraft:stick":28,"minecraft:torch":5,"tombstone:grave_dust":3,"vampirism:vampire_fang":3,"minecraft:spruce_log":1,"travelersbackpack:iron":1,"minecraft:arrow":7,"minecraft:rotten_flesh":13,"minecraft:writable_book":2,"tombstone:essence_of_undeath":1,"tombstone:magic_scroll":1,"minecraft:oak_sapling":3,"minecraft:obsidian":8,"minecraft:mutton":1,"minecraft:white_wool":2,"minecraft:cobblestone":67},"minecraft:killed_by":{"minecraft:player":1},"minecraft:killed":{"vampirism:vampire":9,"graveyard:ghoul":1,"vampirism:advanced_vampire":1,"minecraft:spider":1,"minecraft:creeper":5,"minecraft:sheep":1,"minecraft:skeleton":7,"minecraft:zombie":17,"tombstone:spectral_wolf":1,"minecraft:cow":4},"minecraft:dropped":{"minecraft:iron_sword":1,"minecraft:stone_axe":1,"biomesoplenty:pink_daffodil":1,"minecraft:cooked_beef":3,"vampirism:hunter_axe_enhanced":1,"vampirism:item_alchemical_fire":3,"vampirism:hunter_coat_legs_ultimate":1,"tombstone:tablet_of_guard":1,"minecraft:iron_helmet":2,"minecraft:cobblestone":4,"minecraft:rotten_flesh":1,"minecraft:iron_boots":2,"minecraft:white_candle":1,"minecraft:iron_hoe":1,"minecraft:glass_pane":14,"travelersbackpack:iron":2,"minecraft:gold_block":3,"minecraft:dirt":1,"tombstone:grave_key":1,"minecraft:iron_chestplate":1,"vampirism:crossbow_arrow_normal":1,"minecraft:writable_book":1,"minecraft:spruce_log":1,"minecraft:iron_shovel":3,"minecraft:acacia_fence":1,"alexsmobs:raccoon_tail":1,"minecraft:white_wool":1,"minecraft:spruce_sapling":4,"minecraft:bone":2},"minecraft:custom":{"minecraft:interact_with_furnace":1,"minecraft:interact_with_anvil":2,"minecraft:mob_kills":47,"minecraft:interact_with_crafting_table":14,"minecraft:open_barrel":1,"minecraft:interact_with_campfire":12,"minecraft:damage_dealt_resisted":248,"minecraft:leave_game":3,"minecraft:time_since_death":122633,"minecraft:sleep_in_bed":1,"minecraft:time_since_rest":91739,"minecraft:sprint_one_cm":235578,"minecraft:damage_taken":1974,"minecraft:walk_one_cm":329214,"minecraft:drop":37,"vampirism:skills_unlocked":6,"minecraft:damage_dealt":11778,"minecraft:swim_one_cm":2140,"minecraft:fly_one_cm":398678,"minecraft:player_kills":2,"minecraft:open_chest":34,"minecraft:crouch_one_cm":1130,"minecraft:play_time":213855,"minecraft:sneak_time":1299,"tombstone:undead_killed":26,"minecraft:deaths":3,"minecraft:walk_under_water_one_cm":695,"tombstone:tomb_raiding":1,"minecraft:jump":1149,"minecraft:walk_on_water_one_cm":799,"vampirism:interact_with_injection_chair":6,"minecraft:total_world_time":213855,"minecraft:fall_one_cm":27969,"minecraft:horse_one_cm":4558},"minecraft:used":{"minecraft:cooked_mutton":1,"minecraft:water_bucket":2,"minecraft:writable_book":1,"minecraft:enchanting_table":1,"minecraft:iron_shovel":3216,"minecraft:chest":3,"minecraft:white_wool":1,"minecraft:dirt":10,"minecraft:anvil":1,"minecraft:diamond_pickaxe":18,"minecraft:iron_axe":12,"minecraft:bread":22,"minecraft:diamond_sword":214,"minecraft:bucket":2,"minecraft:cooked_beef":9,"minecraft:potato":7,"minecraft:iron_leggings":1},"minecraft:crafted":{"minecraft:iron_shovel":15},"minecraft:mined":{"minecraft:oak_fence":1,"minecraft:obsidian":8,"minecraft:torch":1,"biomesoplenty:bush":14,"minecraft:grass_block":1101,"minecraft:chest":1,"minecraft:tall_grass":6,"minecraft:cobblestone":1,"minecraft:oak_planks":2,"graveyard:skull_pile":1,"minecraft:enchanting_table":1,"minecraft:grass":30,"minecraft:potatoes":7,"minecraft:dirt_path":10,"minecraft:dirt":1957,"minecraft:stone":120,"minecraft:white_wool":1,"minecraft:oak_leaves":10,"minecraft:fern":2},"minecraft:broken":{"minecraft:iron_shovel":12,"minecraft:iron_chestplate":1}},"DataVersion":3465}